content,true_label,predicted_label,score_negative,score_neutral,score_positive
"I mentioned on Facebook that I was struggling for motivation to go for a run the other day, which has been translated by Tom’s great auntie as ‘Hayley can’t get out of bed’ and told to his grandma, who now thinks I’m a lazy, terrible person 🤣",1,1,-0.9571234,1.2567332,-0.6376264
BBC News - Amazon boss Jeff Bezos rejects claims company acted like a 'drug dealer' bbc.co.uk/news/av/busine…,1,1,-1.1777219,1.9537084,-1.3986598
@Microsoft Why do I pay for WORD when it functions so poorly on my @SamsungUS Chromebook? 🙄,0,0,2.4289088,-1.1067371,-1.8563548
"CSGO matchmaking is so full of closet hacking, it's a truly awful game.",0,0,2.5556197,-0.830058,-2.3521922
Now the President is slapping Americans in the face that he really did commit an unlawful act after his  acquittal! From Discover on Google vanityfair.com/news/2020/02/t…,1,1,-0.8224969,2.0094488,-1.5248443
"Hi @EAHelp I’ve had Madeleine McCann in my cellar for the past 13 years and the little sneaky thing just escaped whilst I was loading up some fifa points, she took my card and I’m having to use my paypal account but it isn’t working, can you help me resolve it please?",0,0,1.0170503,0.2931585,-1.8235477
"Thank you @EAMaddenNFL!! 

New TE Austin Hooper in the ORANGE & BROWN!! 

#Browns | @AustinHooper18 

 pic.twitter.com/GRg4xzFKOn",2,2,-2.7034037,1.103896,1.2783519
"Rocket League, Sea of Thieves or Rainbow Six: Siege🤔? I love playing all three on stream but which is the best? #stream #twitch #RocketLeague #SeaOfThieves #RainbowSixSiege #follow",2,2,-2.1615708,0.43545845,1.715562
my ass still knee-deep in Assassins Creed Odyssey with no way out anytime soon lmao,2,2,-0.6535037,-0.24135484,0.39913225
FIX IT JESUS ! Please FIX IT ! What In the world is going on here.  @PlayStation @AskPlayStation @Playstationsup @Treyarch @CallofDuty negative 345 silver wolf error code pic.twitter.com/ziRyhrf59Q,0,0,2.6179657,-0.9274318,-2.351413
"The professional dota 2 scene is fucking exploding and I completely welcome it.

Get the garbage out.",2,2,-1.2896457,0.19569027,0.51083034
"Itching to assassinate 

#TCCGif #AssassinsCreedBlackFlag #AssassinsCreed #TheCapturedCollective pic.twitter.com/vv8MOGtCjw",2,1,-0.68933314,1.321039,-1.0470333
"@FredTJoseph hey fred, Comcast cut the cable and now Verizon stays calling me to shut that too pic.twitter.com/CPWSrmueDg",0,0,2.0899973,-0.28582403,-2.3174176
CSGO WIngman (Im Silver dont bully) twitch.tv/lprezh,1,1,-1.4988257,1.3641739,-0.2553864
@NBA2K game sucks... down by 2 with 38 seconds left and my team intentionally fouls,0,0,2.6501,-0.74929863,-2.439728
"Congrats to the NVIDIA NeMo team for the 1.0.0 release candidate!
Really excited to see NeMo embracing Hydra as the way to take control over the configuration madness that is machine learning! :)",2,2,-2.7452095,0.28940284,2.1147988
yeah and it’s fun,2,2,-2.189623,-0.27510568,2.423209
fuck my life 😆,0,0,1.4235418,-0.25765276,-1.6843797
happy birthday red dead redemption that shit changed my life what a crazy experience,2,2,-1.8065419,-0.52947426,2.2261167
What does that say about Microsoft hardware & software security - The Man gets hacked,0,0,1.0721644,0.26563588,-1.8317099
"The new @CallofDuty for ps5 is 🔥🔥🔥🔥
Oh God 😭😍",0,2,-1.674876,-0.6014886,2.3822806
"Anyone that plays a bad luck albatross deck in hearthstone is a literal cop. 

Fucking fun police. pic.twitter.com/jY6TRq351e",1,1,-0.5091035,0.49695948,-0.2656935
"Call of duty warzone (livestream) w/ subs #Warzone youtu.be/7BhH_pjOMU4 via @YouTube Please come watch this AMAZING Call of Duty Warzone stream from this AMAZING streamer! It'd be really, really nice to give him some views and likes as well! 😀 #COD #CallofDuty #Warzone",1,2,-2.9451137,1.2967253,1.5083879
"Finally played Rainbow Six Siege for the first time... I have to admit, I prefer it over pulling my hair out in CSGO any day.",0,2,-1.9488533,0.043475892,1.7984259
Umm @PlayApex  when I died it said Bug This pic.twitter.com/bzMHzbadOF,1,0,2.314487,-0.40412772,-2.4382088
"#gtc20 -  nice, motivational, and very accessible Nvidia/AI product fair + related tech talks
nvidia.com/en-us/gtc/keyn…
interesting interaction/social activities: braindates, dinner with strangers, ...  and free attendance for universities: reg.rainfocus.com/flow/nvidia/gt…",1,1,-3.070371,1.4341569,1.0974439
Yo! @Verizon just added a $120 'fee' to my account under #COVID19 protection without my permission and I am forced to pay it! Check your bills carefully!,0,0,2.4201035,-0.34645146,-2.574187
They might not be the last team that has to make this difficult decision. #update #overwatchleague #nyxl #overwatch #overwatch2 #blizzard #games #lockdown pic.twitter.com/dI1HTl4mcV,1,1,-1.0061797,1.114038,-0.64129066
Best squad yet#pubg #pubgmobile #pubgkenya instagram.com/p/B-Obt_eAA4f/…,1,1,-2.6568017,1.3024821,0.89435685
@Borderlands how do I submit a complaint? Your CEO isn't paying his staff their bonuses.,0,0,2.6353073,-0.6279864,-2.5022564
Watching NVIDIA position itself as not just a leading hardware manufacturer but also providing meaningful software to consumers is a remarkable thing of beauty. What an incredibly lead company with clear focus and goals. Well done @nvidia.,2,2,-1.90626,-0.07128653,1.6629552
I don’t see how this looks like as Xbox controller but y’all will say anything. Anyway this is fire.,2,2,-0.8053797,0.026163798,0.64936525
"Johnson & Johnson, knowingly sold baby powder containing asbestos for decades and are now tasked with producing #COVID19 #vaccine... along with corporate criminals #Glaxosmithkline - who received the 2nd largest fine in corporate history for their various crimes. Trust them? 😳",0,0,1.1555928,0.5285548,-2.398444
The things I would do for a @nvidia 3090... unspeakable! 🧐,2,2,-1.5430052,-0.35825983,1.9480875
Fortnite is running like ass.. fps drops everywhere wtf?,0,0,2.6077404,-0.9618668,-2.17747
"Great play dude , what a good optic for the mk2 Carbine too 👌",1,2,-2.3585446,0.1436083,2.0262704
I got the horses in the back #PS4live (Red Dead Redemption 2)  live at youtu.be/9BVKh67OaEI,1,1,-2.7078686,1.6332158,0.58804595
This is a really disappointing move by Remedy. Bought Control day one with the season pass but will only get the PS5 upgrade if I rebuy everything again repackaged in the Ultimate Edition??,1,0,0.76195455,-0.15907705,-1.0108252
Just finished Assassins Creed Odyssey through @Shadow_Official @Shadow_NA from the beginning to the end. Thanks for the amazing gaming experience on your service 👏,2,2,-2.1245675,-0.02446039,1.8932122
"Solo Q and this freak is spinning as fast as he can to lower the FPS. 
I thought they took this bs out

@Rainbow6Game https://t.co/mlvHMu4qeZ",1,0,1.6989135,-0.33480337,-1.8889347
"Our eldest has spent so long playing this new Call of Duty game, I’m not convinced he even knows what day it is, let alone how long lockdown has lasted. I’d normally object, but I think I’d rather deal with that, than him being frustrated about being stuck at home.",2,1,-1.2500267,0.5461034,0.45377988
//The Corruption and Knocking up of Overwatch Babes is a serious Mood atm... pic.twitter.com/QNy4kmgBLV,1,1,0.4275071,1.1438022,-1.8434325
"@PlayCODMobile @M2Games2 i love the call of duty, more unfortunately i'm having a lot of audio bug, every time i'm playing the BR mode of the game, the audio just stops, then i have to close it and open dnv the device i'm using is iOS.",1,2,-0.4385198,-0.32745525,0.55475533
Amazon stops accepting new online grocery customers as it cuts hours at Whole Foods stores dailymail.co.uk/news/article-8… https://t.co/jn7OMaLq3n,1,1,-1.5333277,2.1375034,-1.1347357
Not gonna lie that Black Ops cold war trailer was probably the best COD teaser I have ever seen,2,2,-2.0091066,0.04864033,1.4848808
MELUSI 4k are you shocked! @Justhoneybadger @simmyster06 @walkerpool @Mdassassin007 @OWahid65 #Rainbowsixsiege pic.twitter.com/0ACuQjtvGL,1,1,-1.4500989,1.365076,-0.47309387
Never popped the ice block #Hearthstone pic.twitter.com/BCsZlhJHPF,0,1,-1.1130928,0.80787945,-0.1653526
"You mean the same Johnson & Johnson that suppressed reports of asbestos contamination in their talc products for decades??? Wonder how many died??? And Birx says; ""Randomized controlled studies show NO evidence of improved outcome with HCQ."" LIAR???
youtu.be/77TMszubRU4",0,0,1.3408993,0.56716055,-2.444421
I’m addicted to call of duty mobile😅,0,2,-1.9196557,-0.33580205,2.2573893
This could go very well...or horribly wrong.,1,1,0.082122795,0.36120725,-1.3782881
"So yesterday, I decided to go back to Overwatch... and I forgot just how much I loved playing it. Now all I want to do is play it and do nothing else >.< I mean, the event is on atm.. gotta get me that Pharah skin as I have Anas already! 💛",2,2,-2.2027683,0.15021285,2.091918
@PUBG_Support Hiya! So when'll u be fixing your f'n console game? Been asking a lot and have been very satisfied with your lack of responses ☺️ Just wondering if lagouts are a part of the game like red zones and I'm just not aware or if you just can't fix a 2 year + problem. Thx!,0,0,2.3123956,-0.8667323,-1.9938124
More FIFA? Leslie Steiger must be joking! See the horrible thing here ift.tt/2Y1TBtO :///,0,0,1.3452559,0.12497832,-1.93873
"Thank you 
 For wanting me to stay home and play some of FIFA

@EASPORTSFIFA @EAHelp pic.twitter.com/7Vw03AfLay",2,2,-1.368716,0.034694705,0.92759955
"@BeverlyCitizen Ronald Bellanti is a resident of Beverly, MA and works for Ground Control, an organization he founded as a drunk driving prevention campaign. He took to Facebook to express deplorably racist and violent views. Please help expose him! pic.twitter.com/78RitUkeM2",2,1,-0.111708485,1.7429483,-1.8932344
"Some milestones and anniversaries here at the Chicopee Home Depot. Congratulations Ed to 29 years with the company and gaining another gold milestone, Tim to 14 years with the company and Mark for gaining another silver milestone. Time does fly by when you're having fun. pic.twitter.com/Dilaa5CUFX",2,2,-2.9713993,0.9474824,1.8046731
I like the killstreaks,2,2,-2.0652447,-0.11364381,1.796766
"This card is magnificent. 
#nba2kmyteam #sfcrabs #pinkdiamond #sprewell #NBA2K #spree #myteam #cards #Grinding #NBA2K20 pic.twitter.com/2IqsF9zQw0",2,2,-2.6183949,0.77127403,1.7023278
Is there anything not wrong with this game why cant i claim the credits @PlayCODMobile such a joke.... #CallofDutyMobile #CODm #CoDMobile #CallofDuty https://t.co/0geOGc0Egq,0,0,2.4544566,-0.6426795,-2.4269745
Ok I'm blocking this man's he is on a new level of being,1,0,0.8400461,0.37867647,-1.6816212
They took my phone number from me. Thanks @verizon I was rey pay the bill yall couldn't jus give me more time tf,0,0,2.0057492,-0.6175168,-1.8676018
"Big shout to @icklenellierose for reminding me how great Assassins Creed Black Flag is, and how I never finished it.

Stuck at home with a broken car whilst my PS4 and Switch are at my girlfriends, with Doom and ACNH, my PS3 (and Gamecube) are all I have. 

Gonna finish this! pic.twitter.com/MrQDAjiYVG",2,2,-1.9097528,0.51995224,1.2853395
I love @Rainbow6Game so much 💙,2,2,-1.7852528,-0.7429926,2.4783547
"Everyone know the story of true life-long friendship, but not everyone knows how big chunk of your life is missing when those ends for some reason. Big THANKS @Marykhln for filling that void with great vibes and conversations.",1,1,-1.8191029,0.8113958,0.720726
#nba2k is a fucking joke,0,0,2.408461,-0.7050708,-2.231312
"Johnson&Johnson to stop selling baby powder in US.
The firm faces thousands of lawsuits that its talc products caused cancer.
It said in Oct that its testing had found no asbestos in its Baby Powder after tests conducted by USFDA discovered trace amounts.
bbc.co.uk/news/business-…",1,1,-0.61350596,1.7660397,-1.7615498
@RoboDanjal any chance I could get a list of the maps for the new PUBG TDM?  I can't seem to find a good list anywhere.,0,0,1.826869,-0.39031217,-2.0914803
"Sound ON! Enjoy the groove and this little montage I made in tribute to the Desert Eagle, the most powerful, badass, secondary weapon. Ever. #CallofDuty #ModernWarfare #Xbox @JoeCecot @ArtPeasant @Drift0r https://t.co/WookTjkBmZ",1,2,-2.4066896,0.74159706,1.4989607
"Seems like #Playstation has the marketing deal for #CallOfDutyBlackOpsColdWar 

Feels good to be treated well by Playstation 🙌",1,2,-2.0153146,0.08761442,1.646607
@EAMaddenNFL hi I am am trying to do the golden ticket challenges and it is not working for me and 10 of my friends so will u be post pointing it or??,0,0,2.4214816,-0.71167594,-2.3112006
This is how much I enjoy #ghostreconbreakpoint and #division2 I love the lore of both titles. #gaming #gamebooks instagram.com/p/B9feINlnn1U/…,2,2,-2.580311,0.3068984,2.221821
"In 1982, Johnson & Johnson's Extra Strength Tylenol was recalled because seven people had died after taking it. #haitian #music",0,1,-1.4863174,1.9121275,-1.0170804
God when 🥺,0,2,-0.8727454,-0.40196618,1.0477072
@satyanadella @Microsoft thanks for celebrating #Diversity. We need positive energy these days.,2,2,-2.1644406,0.39021596,1.4682294
That’s the best one wtf?,2,2,-2.0198855,-0.17473325,1.9830579
"AOC you make some very ignorant comments
When you come to Wi, can we meet .",1,0,0.82500535,0.70236295,-1.9010214
oooooh shit i think my motherboard is already compatible,2,2,-2.0744612,-0.1943806,2.188598
NYUMMM DELICIOUS FINALLY SOME GOOD CONTENT NYUMM THE SKINS THE ASHER,1,2,-2.3243499,0.588576,1.4608986
Call of Duty: Modern Warfare and the problem with its child soldier level - newsychronicles.com/?p=3309&utm_so…,1,1,-0.35130084,1.9189208,-1.6731459
The latest b_gardiner's Random Musings! paper.li/b_gardiner/131… Thanks to @bjoerndarko @FMScreative #google #seo,1,1,-2.0749176,2.299754,-0.6199689
"“the Free Software movement is dead. Linux doesn’t exist in 2007. Even Linus has got a job today,” Bill Hilf, #microsoft in mainstream media headline (they removed the article later) techrights.org/2007/07/27/bil…",1,1,-0.2507392,1.2685525,-1.5009025
"To all the people who want to play VALORANT and are saying they are gonna pursue it professionally, 

go play 100 hours of CSGO, if you still like the game then I think it would be a good game for you, if you are bored out of your mind I would not recommend pursuing it.",2,2,-1.5989122,0.30158398,0.9243767
FUCKKKKKK I CANT WAIT,2,2,-2.2188954,-0.62141734,2.5944154
"this is the current status on the gold making, monthly token purchased if i dont find a stable source of income this will be bad in 3 months mithril and flamebloom were broke  by some sellers #Warcraft! pic.twitter.com/l7XmqXWpZ0",1,0,1.0738533,0.36071062,-1.7321928
this is the absolute FUNNIEST interaction I’ve ever seen on League of Legends pic.twitter.com/NsWyuMdVrX,2,2,-2.1410534,0.367662,1.6223724
I used a voice changer and pretended to be a girl in a csgo match last night and now my DMs are flooded xD,1,1,-1.206291,1.0641503,0.07088444
Oh shit I got 1 day to finish this fuk,0,2,-1.0232205,0.008648053,0.7880423
"I can't find confirmation anywhere but it looks like @fenix_app has quit muting keywords. If Talon can strip the imaginary sports from my timeline, I may need to switch.

Blaseball: like fandom + PUBG, but at least the mute filters worked for PUBG",1,0,1.7105802,0.01462451,-2.0063083
I miss when Hearthstone was simpler,0,2,-0.96612436,-0.18676406,1.1056373
GM Fam!!! hope you are all up and being great today.... jus wanted to take a second to thank all my followers for the support you guys are truly awesome💪🏾👍🏾🙌🏾... #stateofdecay2 #ghostreconbreakpoint #RedDeadRedemption2 #SmallStreamerCommunity,1,2,-2.3490353,0.7374204,1.4949564
"Play with @PtitDrogo and @BlyOnFire starting at 19 CEST TODAY and get a chance to win awesome prizes from our merch store AND a @Pl4ZMAcom Gaming Booster!

Sounds like a good deal? 

Then join our discord at: discord.gg/NaKhTps

Tomorrow: Hearthstone with @RYE_Viper https://t.co/jKxixjCo29",1,1,-2.612122,2.073993,0.23663141
Leaked memo excoriates #Facebook’s ‘slapdash and haphazard’ response to global political manipulation dlvr.it/RgbzJD https://t.co/M7JAMQeF7e,0,1,-0.80019486,1.6939704,-1.3728209
This looks kinda clean!,2,2,-1.9598343,-0.54195416,2.3357344
Wilson 💛,1,2,-2.4631,0.8370345,1.2241204
Flip The Fuck Out!!!! Cyklon30001189  just joined the Kingdom on Mixer mixer.com/deduke #mixerPartner #mixer #streamer #Xbox #CallofDuty,1,1,-1.9988089,1.6824682,0.2270134
"@BlizzardCS so when i try to buy overwatch with a credit or debit, all it does is load and then it says ""something went wrong. Select another payment method or try again later."" Help I have been trying for a hour now",0,0,2.5689213,-0.708971,-2.45381
@verizon Can you waive some data overage charges? Been tough for folks out here.,0,0,1.9216716,-0.6132762,-1.6810863
"No one buy battlefield 3 on steam! It doesn’t have an app, it literally runs through a google search. Do not recommend it, it’s a waste of money #SteamSummerSale #SteamSummerSale2020",0,0,2.2026043,-0.6700844,-2.1092741
"Our #HISAPerth #OBIawards ceremony is taking place this Friday 29 May. Celebrating the Outstanding, Best + Inspiring work staff + students within #PerthCollegeUHI have done this year. Streaming LIVE 12 noon Friday @HISAPerth Facebook page. 🏆
#TeamHISA #Awards #IWouldLikeToThank pic.twitter.com/rE3iY9T66p",1,1,-2.726341,1.8955545,0.24700575
#Indigo Urgent Care looks to Microsoft Teams and Microsoft’s Power Platform to help deliver quality care and world-class patient experience lnkd.in/eAzWmuB,2,1,-2.4014468,1.0369177,0.857268
"🤔 Not sure where all your data is going? Frustrated by your kids using it all immediately? 😠 With the My Verizon app, the power is in your hands! ⚡ Download it now in the App store and via Google Play. 👍",1,1,-1.3066459,1.134262,-0.21429868
"@GhostRecon @GhostRecon_UK Your PvP server doesn't work... Nobody can connect. And pls delete the scope for drones. They're useless und block syringes...
#Bugpoint #Brokenpoint pic.twitter.com/QkTNee6DVZ",0,0,2.7537236,-0.8427783,-2.538388
LETS FUCKING GOOOOOOOOOOOOOOOOOOOOOOOOOOOOOOOOOOOOOOOOOOOOOOOOOOOOOOOOOOO,2,2,-1.8186399,0.16226374,1.3087906
Great job guys @Peter_shirley and @withyounotsmwhr,2,2,-2.593218,0.9185068,1.3454541
"Watch StrapxAxHolic on Twitch! I think I'm pretty good at #ApexLegends twitch.tv/strapxaxholic?…
#twitch #StreamingLive #APEX #twitchtv",1,1,-2.687203,1.3140054,1.2179205
feels good to get a Victory in #ApexLegends with your high school buddies. we are all in our late 20's now.  @VictorpMeraz4  @NOLDRAY #FreaksAndGeeks deserved a second season!!!,2,2,-2.3003316,0.5678368,1.4465114
I know I trash BO1 multiplayer any chance I get but in all honesty I wouldn’t mind a Black Ops remaster. Nothing could ever be as worse as MW2019. Get to work on it...,1,2,-0.34424382,-0.27518934,0.3046602
"Interesting... (for real, this is really awesome looking!)",2,2,-2.2886732,-0.26254722,2.3772361
Even tae playing pubg I won’t ever installing it hahahaha I dislike that game so much,0,0,1.2017915,-0.09006862,-1.4742965
"RED DEAD REDEMPTION 2 
#RDOnline #RDR2
#DailyChallengers
by simba pic.twitter.com/OeBblXui9L",1,1,-1.7547872,1.8610873,-0.6289746
"one of the best kpop moments was at Isac 2020 when all those kpop groups came together and just played a massive fuck off game of PUBG,, tell me that wasn’t iconic",1,2,-1.9781444,0.70390147,1.1016209
Joe Buck is excited when  Hearthstone,1,1,-2.6684523,1.0770206,1.0305244
Why would you fuck your way to the bottom exactly?,0,0,0.9683861,0.44054094,-1.9108461
"Congratulations to all nominees, including our leader Amy Hall, for their Award of Excellence nomination! 

The 37th Annual #AWMDFWGALA is going virtual on Facebook and YouTube Live this October 8th from 6-7PM to celebrate the fantastic work of our media community. pic.twitter.com/5WgCeXRPAy",1,1,-2.997096,1.8015823,0.7207974
"Hey @verizonfios @verizon @VerizonSupport Why is my internet speed 360Mbps down\327Mbps up when I pay for 1Gig symmetric services?
#verizonfios #fiosfail #speedtest #fiosfam

Test is performed over a wired connection with CAT8 SFTP 40GB cables.
speedtest.net/result/c/7cf7b…",0,0,2.0394483,-0.2681897,-2.286435
People who killed Michael or Trevor at the end of gta probably doing hooligan shenanigans right about now,1,1,-0.12369136,0.8876205,-0.9910707
The Nvidia Shield is my daily driver but I like to recommend the Roku platform as it has nearly universal app compatibility.,1,2,-2.2012122,0.2632603,1.835319
"Seeing Amazon Prime marketing Borat by getting him in TikToks, vlogs, YouTube videos is amazing.

World's changing, if you still doubt the power of an online audience, it's time to quit.",2,2,-1.8260399,0.6562163,0.72615016
Happy to be back doing what I love :)),2,2,-2.3124762,-0.49904808,2.5543392
I am dota 2 dota 2 i like happy  -  Casey,1,2,-2.358689,0.4338207,1.7758019
"What the fuck is wrong with u guys?
@DOTA2",0,0,2.6269963,-0.96751124,-2.3184817
Well that's not helping to reassure me my data is safe with @google,0,0,1.9752961,-0.7421132,-1.6896161
"You know how you buy consoles for specific games, I dead ass bought this card so that I can get the absolute best experience from @CyberpunkGame I want to absolutely immerse myself in this game. @NVIDIAGeForce ray tracing, all of that, I want it all. pic.twitter.com/neA45IHUvo",2,2,-2.0080614,-0.19441207,2.182947
"The recent Warzone and Modern Warfare patch has leaked tons of Black Ops: Cold War details including singleplayer campaign description, editions, and potential release date.  

#CallofDuty #BlackOpsColdWar #ModernWarfare #Warzone bit.ly/3j6HYci",0,1,-1.0630699,1.7180996,-1.1178175
"Stream on Borderlands 3 tonight at 8pm! 
Come and say hi, it's always a pleasure to see on on the stream guys ☺️",1,2,-2.7736397,0.6824545,1.9684433
"Sorta amusing how #nba2k has such self-centered community managers that have built up such limited goodwill, that when they released a demo identical to 2k20, everyone was vocal about it being trash #NBA2K21 
 https://t.co/Nw1LMRJGN6",0,0,1.6051494,-0.18239659,-2.0628846
"I'm getting a lot out of Red Dead Redemption 2 right now, the game enables me to do a lot of dumb things and generally be an idiot.

feelsgoodman",2,2,-1.9351468,-0.036841996,1.8277513
"Early adopters get arsed once again.
As I've promised the low price tags will come with at a price.
Gigabyte confirms #RTX3070 16GB and #RTX3080 20GB for October 2020
Question who needs 16 or 20GB VRAM? If you want to use it some years at 4k makes sense
@WSV_GUY
#NVIDIA #rtx3000",1,2,-1.9307042,0.748336,0.79385227
Oh dear god my computer is gonna get fried from all this,0,0,0.7898283,-0.23001812,-0.72439456
@IISirPootnickII  computer having some issues may die at any point. Going to chance a steam anyway. Cant sign into steam so be playing some @LeagueOfLegends  while we keep trying to get on. twitch.tv/iisirpootnickii #LootGoblinGaming #LeagueOfLegends,1,0,0.5636695,0.039260272,-0.87799054
the constant mouse clicking is what always got me,1,2,-1.5010941,0.35306653,0.8065491
HOLYYYYY. Definitely streaming it this weekend👀be on the look out,2,2,-2.9582825,0.747465,1.9157568
PTS would not stop crashing on me tonight. An issue I have never had with @PUBG_US @PUBG @PUBG_Devs going to give it another shot in the AM. Y’all have a good night! 6am central as always 🙏❤️ https://t.co/6MgOA07Izs,1,2,-0.31202948,-0.13078079,0.15440519
"This #PlayStation5 pre order is an absolute....

Hopefully Xbox goes smoother next week and I'll get two 😒",2,0,0.10122492,-0.5345674,0.044805724
Nothing like getting two leavers in the game that would have promoted you. I love league of legends👍👍👍👍👍🤡,2,2,-1.8854907,0.33775946,1.3178631
"The Nigeria national team has been ranked as the 29th best team in the World and 3rd in Africa in the latest FIFA World rankings. 🇳🇬🦅

It's the first time the team has made the top 30 since May 2013. @ Kano, Nigeria instagram.com/p/CFPZvTOn8Ab/…",1,1,-2.327664,1.8852873,-0.09381458
So good I had to share! Check out all the items I'm loving on @Poshmarkapp from @ShopAngryKitty #poshmark #fashion #style #shopmycloset #pier1 #leagueoflegends: posh.mk/7ZpkTUiSf9 https://t.co/pPGBdxFVm6,1,2,-2.6099167,0.81336504,1.7803835
"Finnish CS:GO Player Jamppi Sues Valve Over Alleged VAC Ban » TalkEsport,bit.ly/3byCjrT",1,1,-1.3266757,2.116995,-1.0715154
"You can catch up with all of ""The Xbox Has No Games Podcast"" right here:

intromediagaming.com/home/the-xbox-…

One of the best Xbox Podcast out here

#Xbox #XboxSeriesX #XboxSeriesS https://t.co/CmlRJsgZyk",1,1,-2.4714808,1.7393873,0.41570407
"“git gud 5head” -sniping community, probably",1,1,-0.82187414,0.8040932,-0.26195866
"See I can get behind it when you explain ya self, controller is only broken when you have it with a PC that makes complete sense. Thank you ninja for actually explaining it and not being a fucking retard like everybody else",1,2,-1.4034183,0.30208704,0.79928094
"The OGA Dota PIT Season 3: Europe/CIS looks like it is going to be one heck of a tournament with some of the best teams in Europe competing in it.

#Esports #Dota2

afkgaming.com/articles/dota2…",1,1,-2.6718063,1.7315762,0.52252305
YOUR PATHETIC Freeze Cannot Stop MY MINIONS | Hearthstone Daily Moments Ep.1465 gameforce.jp/hearthstone%e3… https://t.co/H0Q9zjH8GF,1,1,-1.736477,1.8913958,-0.24269482
"Team Shy Military are your Runners-up in PUBG PC at the Showdown tournament organized by Gamer.LK. we wish them the very best in the upcoming tournaments. 💚💚

#TM #Brotherhood #GreenArmy #TeamSpeak #1xBET #TMPUBG https://t.co/TR2AM06C2X",1,1,-2.87321,1.6448431,0.822189
I'm not even a part of @CallofDuty community but this shit at @NoahJ456 stream is soooo interesting.,1,2,-1.8045169,0.5966107,1.0011393
"twitter.com/pcgamer/status…
100 hour workweeks are pretty bad",1,0,1.3464935,0.6633666,-2.2550662
the chopper shot is stunning 🔥,2,2,-1.7593672,0.15000801,1.4446125
"I used to think Ellison was an ok guy, this just PROVES that Trump is into making ALL his friends money, and screwing with people.  I'm sorry Microsoft :( ...stupid POS POTUS!!!",1,0,1.1809415,0.1244352,-1.7120209
"Completed #Fustercluck this weekend, rounding off year one of #Borderlands3. I decided to go back in response and play the original Borderlands again as I had the 4K GOTY version on my PC already. The shooting feels awful. I'm going to try some suggested ini changes tomorrow.",2,2,-1.1932582,0.15382719,0.7709155
xboxaimbot.com is the greatest site  to get free modz  #fortnite #pubg #aimbot #cheats #apex #xbox #playstation #gamer #xboxone #vbucks #switch #warzone #pubgmobile,1,2,-2.2689288,0.83565927,1.2089795
Doing anything in extreme will cause  consequences...banning pubg is not the solution! #UnBanPubg,2,0,1.673125,0.27959588,-2.510825
$1000 wasted,0,0,1.1813779,-0.20792304,-1.2749935
Playing fifa with my girl.  She got her first goal against me and someone won’t shut up 😩,1,1,-2.2314596,1.0903451,1.0028034
"I didn't have massive success in #IndieApril but I am happy because I saw two reviews on Amazon today. And they made what has been a crappy week in my personal life, a little better
#ReviewMay #Darkfantasy
Here's one detailed review
#NeverGiveUp you will find your audience ☺️ pic.twitter.com/ysjlEgGY7w",1,2,-2.1295195,0.44597524,1.3555725
@Rainbow6Game @SpearheadBeer best combination for enjoying the Pro-leagues before I head to Montreal to see the finals live. pic.twitter.com/O5gX0vf2Gz,1,2,-2.4673696,0.27274343,1.9428809
"Back at the OG memes... I love the sky base, follow me every day @Cyper for everyday content. #Fortnite #meme #MEMES #lmao #omg #gaming https://t.co/wROS35dZyA",1,2,-2.238534,0.74531096,1.4764665
I just earned the [5 Daily Quests Completed] Achievement! #Warcraft,1,1,-2.3819187,1.8513527,0.33741963
@PlayApex  can you guys please fix the disconnect reconnect issue it really sucks getting penalized in ranked for a disconnect and dying you need invincibility or something we’re you can get killed cuz it’s really bullshit,0,0,2.7420592,-0.7928147,-2.4806468
"first game of the day,, eventhough my damage is,,,, embarrassing,.. #ApexLegends #Apexpc #gaming #APEX pic.twitter.com/YxtA8WMCtN",1,1,0.20464022,0.33559805,-0.85554004
"Exciting news! Verizon, Ericsson and Qualcomm are first in the world to achieve #5G peak speed of 5.06 Gbps! #TeamEricsson t.eric.sn/2HHzpaI",2,2,-2.6345382,0.6329293,1.3954045
Wow @NBA2K y’all gotta do something about this,0,0,2.6181278,-0.9333859,-2.2397833
"Damn so hard decision atm. If I wanna join @Warcraft EU influencer program I need to stop datamining 🧐. Hmmm, what should I do 🤔",1,1,-0.39222667,0.74284315,-0.7683083
WTF,0,0,0.6583296,0.024513472,-1.1670688
Thank you to everyone who joined me on my kerfuffle of a stream tonight. Monster hunter then battlefield then back to monster hunter. Jeez my teammates need to make up their minds lmao #twitch #MonsterHunterWorld #battlefield4 #swordandshieldonlychallenge,1,2,-1.9587336,0.8233387,0.92983264
At this point I’m starting to feel like overwatch 2 was a hoax,1,0,1.3900237,-0.3990258,-1.3595992
This guy is fucking cracked holeeee,1,0,0.3781566,0.16856313,-1.0260175
Big news. Numerous great companies are seeing fantastic results. @FDA must move quickly! twitter.com/nytimes/status…,1,1,-2.6961045,1.1008275,0.990461
what a joke #TomClancysRainbowSixSiege #XboxShare pic.twitter.com/flxOM0xVub,0,0,0.7353223,0.5088476,-1.7528223
"Today I found out that Windows' Cortana actually sounds like Jen Taylor in America but nowhere else. What the fuck, microsoft?!",0,0,1.5472229,0.06451239,-1.9500588
Yo @NBA2K fuck your fake ass garbage ass game,0,0,2.5958853,-0.94507295,-2.2192671
"Watching You Kalloori Perfect Situation Mystic River Tampa Prescott Dak Johnson Marcus Lego Harry Potter: Years 5-7 Mille Lacs Leonard Kawhi Ivan Rakitic Chilton Dan Glazer Jeff Carter Julio Garcia Algemarin L Borderlands 2 I'll Always Love You

loveok.store/best-online-sh… https://t.co/AP6H8thDzT",2,1,-2.5656075,1.8375156,0.24195553
"Hella excited for tonight, as always! 👀

I'll be participating under @AceOfPyrite's leadership, and I'm looking forward to a terrific evening of #RainbowSixSiege!

If you're looking for some Siege to watch, swing by and say hello, from 19:00 BST! 👍

twitch.tv/rainbowsix_uk",2,2,-3.1656542,0.9231756,1.9648776
Good fucking day today happy to be back more GTA RP tmr 👊♥️,2,2,-2.4615004,0.03975914,2.2633684
some of my irls really think that George Floyd did something wrong after a wrote a whole post on Facebook about how black lives matter!! I don't wanna be friend with racist people I swear I didn't know they're racist I feel bad for knowing them,1,0,0.8823115,0.56029224,-1.8364993
"West had a bit of hope for a good playoff finish but it’s slowly dying with @G2esports getting worse with every game. At least NA is getting a few wins )
#LeagueOfLegends #Worlds2020 #lolesports #LCS #LEC",1,1,-0.3077494,0.48830363,-0.4822843
Youre doing gods work 😔✊✊,2,2,-1.7493744,0.14966059,1.376242
"Google  your name + horror + aesthetic.
I don't exist enough so I had to use my middle name too😆🤓 pic.twitter.com/nkKXdSW8OR",1,1,-1.6164116,1.2482498,0.14692406
cs go ranked! ENG/CRO #fresh twitch.tv/vugidrugi,1,1,-2.1083674,1.9573684,-0.5323095
I thought dis nigga meant in her ass 😔,1,0,0.8503702,0.61877364,-1.6669627
Red Dead Redemption 2 – Xbox One bit.ly/2WC9CXM #videogames https://t.co/TSEGBIniLz,1,1,-2.4340048,1.7799335,0.28461102
Playing through the Witcher 3 again and the Novigrad's quests and the atmosphere make me even more excited for the @CyberpunkGame. Can't wait to get to the Night City.,2,2,-2.5123348,-0.23938565,2.5703595
"Normally i dont put time and effort into people like this but this shows me exactly the kind of people who participate in 
@Rainbow6Game. Since when is it disallowed to play with IRL friends who are lower ranked than u are. smh pic.twitter.com/7aAhqXw9cZ",1,0,1.7274759,-0.07573828,-2.1880143
@FortniteGame Making the storm water was the most retarded thing anyone could come up with. Smfh it’s like y’all wanna ruin ur own game 🤦‍♂️,0,0,2.7240157,-0.87970465,-2.4016144
Damn,0,0,0.4983994,-0.15696567,-0.72769344
It was all totally legal: Johnson & Johnson companies used a super poppy to make narcotics for popular opioid pills. washingtonpost.com/graphics/2020/…,1,1,-2.1264,1.8927448,-0.17283896
It’s been a year and a half since Red Dead Redemption 2 came out and I finally have time to play it now. It has completely sucked away 3 days of my life now. Very worth it,2,2,-1.7338587,-0.3342641,1.9208175
the ps5 got fortnite? alr rip xbox,2,0,1.2129225,-0.6903593,-0.8256104
"Go check his channel out, he’s super underrated 😊",1,2,-2.2425413,0.81388074,1.210733
"First Community ban with 13/11 K/D after killing someone via shooting his exposed legs. I wonder that me who struggled getting 1+ K/D would be suspected hacking, why that 30/0 K/D guy was not the first one, or is this the complement for my skill? #BattlefieldV #CommunityGames pic.twitter.com/jFbEfGFNV7",1,1,0.2850379,0.9252675,-1.6036103
"@jimbcbs4 Hey Jim, we disagree on politics and policies but the greeter that cussed you at Home Depot was so out of line... 
I'm so sorry that others have made you deal with that.",1,0,0.831048,0.6779427,-1.6612998
This is fantastic!,2,2,-2.1767359,-0.45142806,2.3691897
Platinum is the best loot @Borderlands #PS4share pic.twitter.com/oxBbrsPbV2,2,2,-1.952297,-0.12219791,1.9710974
"⁦@Respawn⁩ ⁦@PlayApex⁩ #singing

Check out We dont like your singing twitch.tv/videos/5636940…",1,0,1.799862,0.40190652,-2.5828488
congrats to the team at @idSoftware  for winning game of the year,1,2,-2.4271321,0.5573929,1.5072609
Grand Theft Auto V PR #PORTUGALIA   adymonteiro.live/home,1,1,-2.2343805,1.7781975,0.07058809
I have a brand new pc drivers are all up  to date and all but game is still crashing what is going on @Rainbow6Game,0,0,0.2028134,-0.6017992,-0.029977316
Hey @Verizon we have tried contacting you in everyway and have gotten nowhere. We have issues and YOU CAN'T BE REACHED! Our experience with Verizon has been SO BAD that we just want out. Maybe @ATT is looking for a new customer.,0,0,2.646144,-0.9844206,-2.308495
@EAMaddenNFL franchise and face of the franchise are both terrible. @NFL #NFLdropEA #NFLDROPSEA,0,0,2.7113562,-0.8871347,-2.4369524
@NBA2K @2KSupport @LD2K @Beluba  can y’all please fix this !!! pic.twitter.com/yTZ3HA6Xtf,0,0,2.7480707,-0.972146,-2.4065573
I was inspired by @miserabletop to get assassins creed on switch and now I couldn’t be more excited to leave the party early to go home and play Black Flag pic.twitter.com/yHrybJDYnn,2,2,-2.378946,-0.014023814,2.248864
Johnson & Johnson pauses COVID-19 vaccine trial over patient exhibiting an 'unexplained illness'  twitter.com/i/events/13158…,1,1,-1.4691312,2.2147582,-1.3495184
🌄 Red Dead Redemption 2 pic.twitter.com/2XBlcpjLxL,1,1,-2.345965,1.2724277,0.5997382
bro this is FIRE,2,2,-1.4234488,-0.19601478,1.506405
Good to know👇,2,2,-2.308076,0.51775914,1.1872628
"Pre-Covid: Student Game day! Introducing students to Robot Entertainment game as our own form of Leauge of Legends/DOTA2 for our ELL program. They really loved it.  Check it out. Ready Set Heroes.
lnkd.in/g-XjTNM
#esports  #youth #changeforgood #c…lnkd.in/gXajeCC",2,1,-2.844696,1.4333874,1.0920931
Played pubg for the first time in a long time and loved it. Will be posting clips tonight!,2,2,-2.5637782,0.09072372,2.4027774
Ghost of tsushima is a better assassins creed game than modern assassins creed,0,2,-0.9874748,-0.14193487,0.7818537
👍 on @YouTube: PUBG BEST KILLS | 48 SQUAD KILLS | 26 SOLO KILLS | Skreams Gaming | BEST KILLS RECORD | Dadaabhihai youtube.com/watch?v=7Jc7dz…,2,1,-2.362695,2.14689,-0.048009913
Bravo @riotgames always know how to get me hyped for the @LeagueOfLegends ranked season super excited💯,2,2,-2.3595312,-0.24164982,2.4810786
This is dope! Puff is such a great kid.,1,2,-2.318575,0.024238314,2.0949771
"Team JerseyBoys is now also represented on Twitch.

Welcome @chucky_CSGO  

Our chef of confidence, will offer you content from various games like World Of Warcraft, CS:GO or Valorant on Twitch. 

Click here for the Twitch Channel: tinyurl.com/y5gm9h74

#jerseyboys #twitch https://t.co/OwimJcs4uJ",1,1,-2.503171,2.0406432,0.17939489
"Yasss! I'm so excited for this!! Tonight folks! 7:30 BST! Come hang out!!!

Twitch.tv/arialthesiren",1,2,-3.2103233,0.38014454,2.553717
Nice bug @Rainbow6Game pic.twitter.com/MeOpHhpA7D,0,0,1.9763598,-0.55320364,-2.1068559
Plague of Corruption is #1 on Amazon and # 3 on The NY Times bestseller list. pic.twitter.com/mr2gbN43I9,0,1,-1.6273434,1.5775278,-0.29491425
"Really good in-depth video, highly recommend.",1,2,-2.3939655,0.2750032,1.6674584
@roundedtiktak thank you 👍 #Fortnite #XboxShare pic.twitter.com/zWqOrFk0JN,1,2,-2.0290725,0.013487101,1.9090561
"And the US WANTS TO TRUST THIS COMPANY with a VACCINE?

Johnson & Johnson knew for decades that ASBESTOS lurked in some of its baby powder - nbcnews.com/health/health-…",0,1,-0.036055736,1.3539232,-1.932252
Time to play some #Overwatch with @helldoom on my #MiNotebookHorizonEdition. This game mode has 1 tank hero vs 6 dps heroes and it's absolutely nuts! pic.twitter.com/BIgx0vDwbm,2,2,-2.3197541,0.68817055,1.5253724
Wow,2,2,-1.2307315,-0.27333257,1.059456
Hi guys I just got red dead redemption and I have no idea how anything works but a pack of wolves just killed me and stole my bear pelt so I rage quit and I’m gonna take a break from this game for the foreseeable future.,0,0,1.2274854,-0.061903317,-1.5635377
It's our pleasure H,1,2,-2.600203,0.46063185,2.0565245
@RockstarGames how the hell is gta online STILL this fucking broken???,0,0,2.5685947,-1.0801867,-2.1456692
"This official Microsoft Trailer of #microsoftflightsimulator is simply stunning. Wow! I have to upgrade my PC asap
youtube.com/watch?v=gKIBNs…",2,2,-2.277672,0.2261954,1.9768299
"My games crew had a League of legends clash yesterday, and this is how all of my texting apps looked like.
I love these assholes xD pic.twitter.com/NT3CfSlteN",2,2,-1.9980593,0.78525424,1.016052
For more then 3 weeks now 2k uk hasnt drawn a winner for their borderlands 3 collector edition giveaway. I mean I think thats funny that companies can just do fake giveaways and not be called out on it. youtube.com/watch?v=-HUh50…,0,0,0.53212065,0.46560785,-1.466289
Super happy to work with @WIHSesports to make this opportunity happen for students.,1,2,-2.7424073,0.35249433,2.1230075
"I couldn't make day 2 of MT Madrid despite getting a tremendous amount of support from my friends & everyone in the Hearthstone community. 

Truly disappointed in myself. I'm sorry :(",1,1,0.3505637,0.37246183,-1.0001074
"Johnson & Johnson regains footing - Analysis - 15-04-2020: Johnson & Johnson's stock returned higher with a 4.48% profit, with support from the 50-day ... dlvr.it/RTqQdP",2,1,-2.2021139,1.9276495,-0.15847293
Good Job @Blizzard_Ent 😡 @BlizzLatAm @Warcraft pic.twitter.com/zyoT3FLEn0,2,0,0.82221717,-0.25199503,-1.003563
The best thing I could’ve done for my #mentalhealth was delete Facebook.,0,2,-0.9068555,-0.059526812,0.37742385
Planning on spending my entire night playing Red Dead Redemption and getting stoned and I have absolutely no regrets,2,2,-2.2672653,0.34640253,1.5933799
"We are pleased to announce the names of the referees approved by the FIFA Referees Committee for the 2020 international lists.

BONDO Joshua
GOBAGOBA Tshepo Mokani
MOSITWANE Tirelo
DINTWA Keabetswe
METHIKGA Itumeleng (Women Referee)

#WeAreBFA 
#Congratulations pic.twitter.com/iOhPfXl5Tp",1,1,-2.4274912,1.4938778,0.15207736
die with honor stfu and press ur bkb,1,1,-1.7162662,0.8088147,0.41368285
"AWESOME !!  BONECAKES...with strawberries and original maple syrup please !!!
☠️☠️☠️ 😍 ☠️☠️☠️
@BunnieKat1962 @OctoberBones @searcher9090 @Homenutt_1 @SkellyIce  @DeathsLastLaugh @CryptMidwest @RJCrowtherJr @1carolinagirl @Figster017 @lesliea10115 @Vampire4me @MadmMonstrosity",1,2,-2.5110388,0.808769,1.4243315
"Whenever I feel a bit low, The Uncool Club's Facebook group always manages to cheer me up. What a wonderful group of humans 🥺

(If you wanna join, feel free! Everyone is welcome ❤️ facebook.com/groups/6127272…)",1,2,-2.3691943,0.96294004,1.2233294
"@AndroidDev I've just noticed an issue while upgrading Android Gradle Plugin from 3.5.0 to 3.6.3, the google compile-testing library is crashing when retrieving resources.

An example and more details are available there:
github.com/glureau/AGP_3_…

Is it something new?",0,0,1.2448672,0.23451084,-1.9101022
"@GhostRecon so far playing the new update, the stamina is pointless even on extreme if you have upgraded it and have a ration never runs out, losing bullets on reload is pointless when you have like 300/400 rounds, Sam fisher missions are buggy as hell, good thing no gear level",1,0,1.9035697,-0.58851963,-1.8606704
Johnson & Johnson Medical Devices Companies is honored to recognize the dedication of Perioperative Registered Nurses. Join us to discuss resilience and stress management. Register here: bit.ly/37CGPab #NursesChangeLives...and that changes everything. https://t.co/WGeHJn7QPK,1,1,-2.4913971,1.546756,0.40577143
This skin for Revenant looks dope!! greasygamer.com/threads/this-s… #gg #SmallStreamerCommunity #SmallStreamersConnect #smallstreamer  #SupportSmallStreamers @LaZy_RTs @FearRTs @sme_rt @SGH_RTs @SmallStreamersR @StreamerNetwork @SSS_Retweets @Gr0wthLabs #callofduty #Fortnite #rainbow6,2,2,-2.5407953,0.86179084,1.609769
@EAMaddenNFL when I first pre ordered it said standard would get to play 3 days early now only the other 2 version thanks a lot smh,0,0,2.2092402,-0.98703504,-1.8582498
Yeeeee hell ya,1,2,-2.3469844,0.20257345,2.0834167
Quality tweet.,1,2,-1.8602606,0.28707287,1.0470365
finally completed assassin's creed odyssey so now comes the best part of finishing anything: reading the tvtropes page,2,2,-2.316156,0.09915556,1.9777886
The newest assassins creed looks so FREAKING SICK AND I CANNOT WAIT.,2,2,-2.1407022,-0.74403274,2.617893
"@MerlynJD Merlyn, See seriously quirky trio? “LOVE’S POST JOURNAL . . . TOO . . . TOO MUCH.” Rik Love writes his diary as a series of shorts after turning 80—at post time. Rik, his kin and friends are weird, goofy, totally odd characters. Google and enjoy! Riklove.com https://t.co/hE3730tcmH",1,1,-2.1604753,1.9867914,-0.16143061
EA bans prominent FIFA streamer Kurt0411 from all its games over toxic behaviour tinyurl.com/yxyvwh2q https://t.co/3vXkirxvOq,1,1,-0.025979692,1.5206382,-1.8372935
Ending season 3 by stealing someone else's kill and eliminating the kill leader. #Apexlegendsclips #gaming #gamer #youtubegaming #gamergirl #ApexLegends #XboxShare https://t.co/LsYMPnrl5d,1,1,-1.8684804,1.3973056,0.21351378
I'm in love @mlssmahut #assassincreedodyssey #assassinscreed #ubisoft @Ubisoft #kassandra #PS4share pic.twitter.com/tbk2cnF1Ou,2,2,-2.5638242,0.17064095,2.1797464
Sales decline in U.S. & Canada due to cancer claims. So the company decides to victimize people in the Third World.,0,1,0.5366505,0.8237912,-1.9898759
and i cant even get a lvl 1 battle pass. life is unfair 😭,0,0,1.9696633,-0.6956976,-1.655593
Thanks for helping small businesses.  Life blood of this country.,2,2,-1.781389,0.6990852,0.71386695
Just so god Damn beautiful 😍 #PS5 pic.twitter.com/N14QKPrftj,2,2,-1.9896708,-0.45169857,2.4319303
"Johnson & Johnson Beats Q1 Estimates, Raises Dividend

“Johnson & Johnson $JNJ stock rose 4.7% as of 12:30 PM ET today. Investors are optimistic about the company’s strong first-quarter results and a dividend hike.”

#johnsonandjohnson #earnings #dividend
marketrealist.com/2020/04/johnso… https://t.co/i61Bk0GdRH",2,1,-2.5402403,1.6116388,0.62762976
I love u guys,2,2,-2.2333286,0.009988625,2.0466034
"Alright, let’s do it. The road to Gold 2 is now. Apex ranked. Come hang. - twitch.tv/cpatran #gaming #streaming #twitch #TwitchAffilate #TwitchStreamers #twitchstreamer #apexlegends",1,1,-2.7574682,1.8121343,0.6353045
zysola.blogspot.com/p/welcome.html… #zysola #tech #technews #techworld #technology #innovation World of Warcraft had been rated for Xbox Series X in Brazil The l,1,1,-2.7253773,1.8753672,0.37386018
"Damn! Microsoft is going all out in showing off the new Xbox Series X while Sony hasn't made a peep theverge.com/2020/3/16/2115…

As a PlayStation guy, this thing sounds like a screamer.",2,1,-0.83414763,0.5028313,0.11028027
I can't stand your ass OMG!,0,0,1.8479273,-0.30339402,-2.000872
"A Death is here! :)

App Store→goo.gl/C2RGXc
Google Play→goo.gl/YjvqXr

 #Breeding game #Death https://t.co/DdCN922mdy",1,1,-1.780311,1.6321703,-0.41071808
Can't wait to get it on next gen console... :D #PlayStation5 #CDProjektRED #Cyberpunk2077,2,2,-2.6498716,-0.21914443,2.6808825
"CSGO, Road to Rio Predictions, North America

Group A 
1⃣ @EvilGeniuses 
2⃣ @100Thieves 
3⃣ @GenG 
4⃣ @Cloud9 
5⃣ @TriumphGamingGG 
6⃣ Orgless

Group B
1⃣ @TeamLiquid 
2⃣ @mibr
3⃣ @furiagg 
4⃣ @Envy 
5⃣ Bad News Bears
6⃣ @YeahGaming pic.twitter.com/a823Z4VZbj",1,1,-1.0820628,1.436378,-0.9120744
@PlayApex I have problems to buy the battlepass with the new patch,0,0,2.338028,-1.0415967,-2.017938
mixer.com/SirDover357?ut… #Mixer #SmallStreamersConnect #ApexLegends #Ranked #Pathfinder,1,1,-1.6788502,1.9382973,-0.66780066
Squadwipe turn n burn #ApexLegends #XboxShare pic.twitter.com/leg3GbD82j,1,1,-1.4679617,1.1215463,0.07974305
I will be boycotting Home Depot I can shop other places they no longer get my money again Americans buy a book of stamps from the postal office as many as you can that will keep them running,0,0,0.4252597,0.089995265,-0.8481405
The new Red Dead Redemption’s graphics look incredible!,2,2,-1.7890409,-0.5375783,2.2906573
"Like @NarwhalSulky I was super surprised to be sent some more Siege swag! Including a headset I shit you not! I think a cheeky giveaway might be in order for that, what do you guys think? #RainbowSixSiege
Thanks @Rainbow6Game this was super unexpected! pic.twitter.com/pqmVtNmVuH",2,2,-2.4576058,0.6046564,1.7178215
why can i hear my little sister arguing with people on PubG,1,1,-0.41286257,0.9811868,-0.58093214
"LMAO...this country is fvcked up. JFC, just saw a Johnson & Johnson commercial--You know, the folks with toxic talc causing cancer--talking about how they're working round the clock for a #Covid19 #Vaccine.

Line up folks! Roll up your sleeves.",0,1,0.18490995,0.74309695,-1.5559849
woops made a bunch of boomer men mad on facebook lmfaoooo pic.twitter.com/3yijBzv2Fs,1,1,-0.27960348,0.803788,-1.1043156
"Shitting on non preorder kids 

Twitch.tv/GreasySunnyvale 

#BlackOpsColdWar #ColdWarBeta https://t.co/xQFpzkUQe0",1,1,-0.74665874,1.2624198,-0.9169254
May is gonna be awesome 😍,2,2,-2.4206614,-0.5206187,2.518387
"Transvaginal mesh: Johnson & Johnson fined $344m for deceptive marketing to women

theguardian.com/business/2020/…",1,1,-0.61696166,1.9143537,-1.777427
this pic is so cute why,1,2,-1.9700037,-0.002823893,1.8417746
Facebook is a hub of fake information.,0,0,1.8058774,-0.19158687,-2.1541746
‘Skunkworks’ at Johnson & Johnson is rushing to develop a coronavirus vaccine inquirer.com/business/drugs… via @phillyinquirer,1,1,-1.8695295,1.993851,-0.64586276
I’m just gonna say it - Overwatch essentially being nominated for LGBTQ+ game of the year is worse than if Rise of Skywalker was nominated for LGBTQ+ film of the year. At least in Rise of Skywalker if you slow the footage down and zoom in you can see gay shit if you squint.,0,0,0.86995584,0.17444603,-1.6612134
"Trust in Technology is Important !
@satyanadella at #MSInspire 
I Love the Boomerang in the Background 😍 #MVPBuzz is Sharing Technology Again and Again with New Features ! It's like a Boomerang with the Community and Microsoft 🚀 pic.twitter.com/sUnTR07x5y",2,2,-2.5994272,0.6459368,1.6193738
Assassins creed odyssey 🔥🔥🔥🔥 probably my favorite out of the series,2,2,-1.8808988,-0.31249195,2.237129
@EpicGamesTR @FortniteGame   My save the world glithced our and I didn’t get my 300 vbucks from save the world for daily log in. I pressed claim it worked but they are not showing up.,0,0,1.9294915,-0.61397874,-1.914949
Pissing people off in FIFA and on twitter 😭😭😭,0,0,1.177602,0.04299457,-1.6472676
@EAHelp Hi was booted from battlefield V game and now unable to go online. Seeing a few people on the subreddit say the same. Is there an issue with battlefield servers?,0,0,2.6113956,-0.6264287,-2.6167877
Whoever created the “undo” button on Microsoft Word is a genius,2,2,-0.91978556,0.0070063286,0.7754947
@Warcraft Can you explain this bullshit? Thanks pic.twitter.com/Wel3cU4KnZ,0,0,2.2404652,-0.7095469,-2.1925633
"Covid19 Vaccine: Big shock to Corona vaccine, Johnson & Johnson stops all trials thekhabarbharat.com/india-english/…",1,1,-1.6925216,2.0514266,-1.0355009
"Ugh. I remember staring at Lina and drooling for days and even made her, just her, my screensaver. She looks so freaking good.",2,2,-2.1638703,0.41327962,1.7087721
Haha bet you by 4 points @DigitalNutter87 in ranked 😂😂😂😂😂      #ApexLegends #XboxShare pic.twitter.com/ZpRCTBdtvT,1,1,-1.589054,1.2291311,0.09128555
"Flank with 9 kills #battlefieldV  #BFV #PS4share

store.playstation.com/#!/tid=CUSA005… https://t.co/aUOvyejztc",1,1,-2.065941,1.7993765,-0.055872466
@chaplinez70 morning. You might not agree with me and I mean no disrespect to anyone but I feel having an international break during this pandemic is a terrible idea. I don't understand what the guys at FIFA are thinking but its just not right.,0,0,1.2895615,0.4886776,-2.2563756
"Love GTA San Andreas and red death redemption, also I still have my old ps3 slim, I would love to get this please.",2,2,-2.0109916,-0.3428283,2.388452
dead game 😔,0,0,1.409535,-0.3875251,-1.4568974
I'm loving all the R6 and animal crossing crossovers. Somehow more surprising to me than animal crossing and doom.,2,2,-2.1649542,-0.32642612,2.2023761
2.5gbit is SERIOUSLY Threatening NVIDIA Super Review,0,0,1.1935743,-0.23817474,-1.3408934
Love starting my day on twitter getting blessed by this Demon 🐺🔥,1,2,-2.2944536,0.51550746,1.682433
100% agree. It’s also so tiresome to play on and boring to look at. I hope when Olympus comes they either rotate it out or we don’t see it much.,1,0,1.421275,-0.49611825,-1.3319986
"Verizon Wireless customers faced service issues in Peoria area, company says dlvr.it/RTh0Qy",1,1,0.12444217,1.4908798,-1.9276658
"lol i was looking for something to listen to that was upbeat for 1998 and the first recommendation was my heart will go on, nice job google",2,2,-1.8800617,0.33529833,1.5987264
Delete techies pls fck u @DOTA2,0,0,2.6095889,-0.8300252,-2.401418
"House Democrats say Facebook, Amazon, Alphabet, Apple enjoy ‘monopoly power’ and recommend big changes cnb.cx/2GFvxq0",1,1,-1.8627766,1.4677404,-0.10963953
"@NBA2K you guys gotta fix the shooting bugs bc EVERYTIME I green people are kicked out . My green animation flickers like crazy before also kicking me out , my stats in park are garbage bc of it",0,0,2.7367659,-0.71867365,-2.5369716
"HOW TO IMPRESS INDIAN GIRL
sahilyaduvanshi.in/love-at-first-…
#impressgirl #mrfaisu #fairness #raipur #chhattisgarh #chomic #boy #mridul #faisu #faisusquad #tiktok #tiktokmemes #impressgirlfriend #memes #pubg #skincare #urvashirautela #workout #ptlife #fair #fairskin #love",1,1,-1.9072609,1.72701,-0.22145997
"This was easily the best Fifa. First time with secondary divisions, off the ball control, free kick spin and placement. And an original soundtrack to vibe to. Unmatched. #fifa #EASPORTSFIFA #fifa2004 pic.twitter.com/LMzXeAgopr",2,2,-2.007128,0.057929363,1.7985456
This cricket has been the worst hivemind of fandom I have done this more times than I would love to be better if the Tarzan level in Kingdom Hearts is as bad as Borderlands.,0,0,1.1127508,-0.29531044,-1.2927537
"It was true epic, omfg",2,2,-1.998565,-0.14633647,2.1381428
"Congratulations to Borderlands Research Institute for their recent grant in the amount of $80,000 from PCQC. BRI is dedicated to the study of Montezuma quail in the Trans-Pecos region in order to better understand its population projection. #quailhunting #quailconservation pic.twitter.com/JgjgyBt4U1",1,1,-2.4333138,1.6088028,0.21388823
Great starting price.,2,2,-2.1952302,-0.050738145,1.6920935
"""A delayed game is eventually good, but a rushed game is forever bad."" - 

Shigeru Miyamoto
Video Game Design Legend

Devs of #Cyberpunk2077, please take care of yourselves. This is a game we have waited years for, a few more weeks won’t hurt.",2,2,-1.4810112,0.4486836,0.58922005
best of luck !,2,2,-2.236576,0.17296267,1.7242877
I am very interested in this,2,2,-2.5555227,-0.42137536,2.3742044
red dead redemption got me wanting to move to a mother fucking ranch,2,2,-1.5099916,0.0106584765,1.4706765
My goodness @PlayOverwatch your matchmaking in competitive is as shitty as Trumps dick because he's fucking the USA in the ass.,0,0,2.4959917,-0.7690467,-2.3860028
What does everyone think of @PlayOverwatch open que comp? I've been rolling on sigma but it's hell if you don't have supp players. #overwatch,0,0,1.5485964,-0.17430371,-1.8214251
League of Legends taught me to come to terms with my own disappointing third novel,2,2,-1.0063121,0.049488034,0.53747916
I hate that music,0,0,1.7094475,-0.43132746,-1.629088
"Whos ready for some zombie royale warzone stream tonight? @GamerRetweets @CallofDuty #Warzone #twitch #streamer #ModernWarfare #gulagking
@Pureyo head over to twitch.tv/JustGLN give us a follow and turn notifications on to not miss out on the fun #roadtoaffliate",1,1,-2.5249276,1.4250438,0.84495443
"‘League Of Legends’ K-pop group K/DA announces comeback single, 'The Baddest'
#entertainment #announces #baddest #comeback #entertainment #...
insidexpress.com/entertainment/…",1,1,-2.1680555,2.3001142,-0.5490094
"Quick 4k, 
#rainbowsixsiege #rainbowsix #ranked #tomclancy #streamer #stream #mixerfamily #mixerlove #mixer #mixerstreamer #mixerstreamersunite #mixerstream 

mixer.com/kn_blunt instagram.com/p/B8xYQEHnNBA/…",1,1,-2.2292655,1.8989797,0.0858744
"BLACK OPS COLD WAR OFFICIAL REVEAL! (New Trailer Thoughts) youtu.be/5YgBjhf96zY via @YouTube I can’t wait bro! Love the video, getting me hype 😅🙏 @RealThunder402",2,2,-3.2830372,1.0349278,2.0658717
"Its normal people hate Overwatch, becouse the comunnity is so toxic.

""Yo, no one have mic""
2seconds later
""YOU ARE TRASH OMFG, GO TO BED, UNISTALL THE GAME""

For that you want the people on the voice chat. xD",1,0,1.2822263,0.17393462,-1.7301499
BITCH ASS LEGEND VIP’D MY LITTLE BROTHER ON OUR 2 GAME WIN STREAK SMFH @Ronnie2K @NBA2K pic.twitter.com/GdS3KN9jVj,1,0,1.2833506,-0.105674714,-1.74273
#WorldCupAtHome: Five African matches you would love to see from FIFA googlehits.com/worldcupathome… https://t.co/Lvr8g2vhsn,2,1,-2.7043147,1.9036641,0.2838428
I haven’t watched the NBA in quiet some time. I’ve actually boycotted it most of the year because of the Hong Kong fiasco. But @Dame_Lillard may just bring me back. ITS LIKE HE IS ON A FORTNITE HEATER.,1,1,-1.7100585,0.8335925,0.4753706
"@EAHelp I haven't been able to log on to Battlefield V on XBox One and a friend encountered the same issue. We just can't go in and data won't sync. However, BF1, NHL 20 and all other games I have appear to be fine though. Why is that?",0,0,1.196204,-0.36573628,-1.2220887
"I will say that playing a Hearthstone PTQ last weekend made me appreciate Magic organized play from the PT-level down, even with its consistent disappointments above that",1,2,-1.9724078,0.51551265,1.1429706
"""Great storytelling, peppered with detail that brought the world to life make this easy to recommend."" Amazon Reviewer. #mystery #cosycrime #readindie mybook.to/ClencherMill https://t.co/C5LIhX0T2x",1,2,-2.7563682,1.1777642,1.4038278
"10 year olds trading on the stock market is scary news. It can instill good financial habits/curiosity. BUT. Equally high chances of it going the opposite way: seeding gambling tendencies, heavy losses from trading F&Os, or worse - this becoming the next Blue Whale. Not worth it.",1,0,0.7626322,0.28892282,-1.8745179
"I may not be the first to observe this, but MacOS has had _all_ the developers who make the internet go, for a decade and a half, and the entire time they have been like ""lol fuck off""

Microsoft is buying up open source these days. Perhaps a developer-centric laptop is next",1,1,-0.7825165,0.27013972,-0.017202253
"Say hello to Sasha Hostyn aka Scarlett, the current highest-earning female eSports player in the world!
She hails from Canada and built her amazing career playing Starcraft 2 and Dota 2.
Much respect to this amazing woman and role model!  
@onfireScarlett pic.twitter.com/DM71V11ctY",1,1,-2.8491583,1.5787802,0.8602238
":c we are going to miss you in league of legends , but I'm happy for you, I wish best things for you 🥰",1,2,-2.4843307,0.44493136,1.8947282
@GhostRecon #GhostReconBreakpoint just took down a Terminator pic.twitter.com/qjrq9IC3be,0,0,2.0329497,-0.018492091,-2.5959494
3.7k to 3.2k 🙃 I LOVE DOTA 2 PUTANG INA,2,2,-2.221714,0.00091063604,2.2697139
damn just want my 100lp back can’t have shit in league of legends,0,0,1.3222125,-0.643727,-0.90823305
Not this again,0,0,1.1518502,-0.37774715,-1.1955885
"My admiration for this artist grows every year! Just beautiful < 3 @malukah 
Daughter of the Sea - World of Warcraft - Acoustic Cover by Malukah youtu.be/8m9oI8ahW5s via @YouTube",1,2,-2.625997,0.742668,1.7611278
"#RTXOn
@Miki21144689 have no one else ^^ but i have a brother, who would be very happy about it, so again #RTXOn @nvid",1,2,-2.3856483,0.8528111,1.3638521
It's Very Interesting If We Get Something For Smartphones By Nvidia,2,2,-2.3724098,0.19804394,1.688379
@whoisaddison I made a fortnite montage for you:),1,2,-2.324617,0.8584874,1.384785
Yogg Saron’s Puzzle Box is quite possibly my favorite card in the game.  Secrets and Puzzle Box make for truly crazy insane WTF moments.  So fun even when it’s a shitshow.  🤣 #Hearthstone,2,2,-2.1376653,0.44602764,1.6765779
eSports: Curiosities you probably didn’t know about Red Dead Redemption 2 goalsn.com/2020/02/esport… https://t.co/JMLBSxAUou,1,1,-2.0793505,2.0820322,-0.3724991
Nvidia GeForce Now: Google Stadia rival suffers another blow news89.net/nvidia-geforce… https://t.co/9ijNjV7L4C,1,1,-1.5119604,2.1075628,-0.94237536
"I SAW A TWEET ABOUT HOW IT'S A STORY TOLD OVER AND OVER CUZ THEY'RE MAD MEN DIED IN THE WAR AND IT DIDN'T HAVE BATTLEFIELD 1 TREATMENT, I CAN'T EVEN THINK OF ANOTHER WW1 MOVIE PPL WOULD EVEN KNOW",1,1,0.47223324,0.94288605,-1.7085913
Bro I had an abusive internet boyfriend that used to call me a stupid bitch whenever niggas used to like my pics on facebook and I used to beg him to not be mad at me. I was such a stupid bitch FOR REAL,1,1,0.19834729,0.70619947,-1.0987419
2k games is never the same again 💔😭,0,0,1.9832357,-0.6946429,-1.6913358
"@verizonfios frustration! on hold for 30min, finally talk to a rep, says she has to call me back due to static (which i didn’t hear). it’s been 4hours and still haven’t heard from her. terrible customer service experience!  @Verizon",0,0,2.597118,-0.6040676,-2.5202906
"My experience with ASSASSIN'S CREED: ODYSSEY

""WTF? Are those the opening credits? I've been playing this for days! Where's the Spider-Man disc?""",0,1,-1.1753967,0.66472185,0.32816043
Time to show my love to a good streamer! Head on over to @T_KNOCKOUT_ s channel! Hes doing some #RainbowSixSiege right now! Show him some love ❤,1,1,-2.7972944,1.322379,1.2182199
we've been crushing CS:GO over at @windailysports ! Congrats @jack94024127 💪🏻,2,2,-2.6137094,0.97671026,1.5652112
"Red Dead Redemption 2 Load Times
Xbox Series X: 38 Seconds
PS5: 10-12 Seconds
#XboxSeriesX #PS5 Yet again Sony still have the better machine",1,2,-1.7866914,0.55794954,0.99491584
"Bout to fuck around and stream. 

@PlayApex grind and @Brawlhalla afterwards. 

mixer.com/ShinobiSZN #BitGang https://t.co/aBUpN6yjfV",1,1,-2.0446684,1.1836414,0.5630294
"dont forget tpci is partnering with t*ncent  for a mobile pokemon league of legends and league being league aside, t*ncent is a really shady+shitty company and will likely be featured",0,0,1.5139942,0.14825296,-2.1945186
hella good options and i loved all of these games but I gotta go with GTA 4 pic.twitter.com/DCuTj9qa8O,2,2,-1.9697287,-0.12423584,2.0357642
@Pinkwardlol so mad you lost that game of CSGO you banned me from your Twitch i'm weakkk,1,0,0.9316137,0.29795718,-1.5744846
Microsoft-Owned Minecraft Will Stop Using Amazon’s Cloud teknoids.com/2020/07/20/mic…,1,1,-1.6001668,2.1684546,-0.94756895
@NBA2K if 2K21 anything like 20 again I'm never buying a game from y'all again. Make the game like 2K16,0,0,2.583139,-0.95596087,-2.2617526
"All my success in the past came from people that don't know a single thing about me. Time to go back to that audience.  I'm done with Facebook, not catering to that crowd anymore.",0,1,-0.08031667,0.34338775,-0.86200505
"@Verizon  I’m done with y’all, y’all charge too damn much for a cellphone. Plus your service sucks.",0,0,2.7009118,-1.0975398,-2.1881588
"Thank you waqar bhai finally pubg unbanned 😍😍😍😍
#WaqarZaka pic.twitter.com/PgeaDhPtNc",2,2,-2.2183175,0.2998992,1.5073578
Kings 💯🔥,1,2,-2.313455,0.85949373,1.3207065
"Get ready for the weekend with our Special ⭐ Offers!

With Marvel Spider Man, Assassins Creed: Black Flag, Call of Duty: Infinite Warfare and many others this week!

Visit nzgameshop.com/special-offers to get a great deal! https://t.co/HqTRoEvpP2",1,1,-2.7720556,1.7914337,0.6454395
"friendship ended with mibr
now furia is my best friend",1,2,-1.9161394,0.48191604,1.1649917
My League of Legends started having FPS spikes two days ago. Is this a sign I should stop playing?,0,0,1.5582039,-0.29534686,-1.6367068
"Hey guys, I just hit legend on EU with an incredible winrate of 45%, which seems strange to me, but I take it :D Got a lot of rewards and the new ranks look kinda cool, so overall pretty happy with the changes till now. #Hearthstone pic.twitter.com/X7NqItOKlO",2,2,-2.5194821,0.19638896,2.2474294
"It's great that big companies can't do everything... Otherwise today we would have had yellow pages, Yahoo. #Google wouldn't have been able to give us all the cool product thinking. The optimist in me says @zoom_us is a disrupter and there are many more.. #GoogleMeet @airmeet_com",2,2,-1.2268074,0.032203197,0.77254474
Why do parents freak out so much when someone they don’t know adds them on Facebook?😂😂,1,1,-0.42106926,1.1731654,-1.0806216
"Shipped first GPU-enabled production code through #bravetools! #LXD  makes it easy to passthrough host hardware and @nvidia drivers, while bravetools abstracts configuration and makes it easy to automate for all future releases 🚀 #AI #devops #OpenSource 

github.com/bravetools/bra… https://t.co/92K5MYIaXx",1,2,-2.3784103,0.8791697,1.073454
(NA/PC) Come Vibe With Me. Messing Around In GTA !twitter twitch.tv/milzzz_ttd,1,1,-1.9256787,1.7911843,-0.23688442
"ps5 looks NICE, I love white ;_;",2,2,-2.0803235,-0.72800684,2.8084838
"Until Jul 16: Red Dead Redemption 2 is $39.99 ($10 off) @ Amazon

PS4: amzn.to/37yuuAb
X1: amzn.to/2SMbHgX https://t.co/20uoQRcwdW",1,1,-2.341713,1.7785003,0.24439892
"News from : GamesRadar+! :
   
Retailers are emailing customers to advise them that not all Xbox Series X pre-orders can be hono...

  Download the #app ApplayGames for more news, videos and #games information:
  play.google.com/store/apps/det…

gamesradar.com/retailers-are-…",1,1,-1.907085,2.2860699,-0.883067
"Thanks @RockstarGames , you're rock stars!  #RedDeadRedemption pic.twitter.com/ztc25UcGRl",2,2,-2.0578687,0.08277136,1.8145517
"Delivered by our own in-house team, Microsoft Dynamics 365 enhances productivity and increases agility so your organisation can adapt quickly to change.

Get in touch today to find out more: razorblue.com/contact-us/ https://t.co/TTN9jmgAaj",2,1,-2.1898873,1.042979,0.7826524
Switzerland opens criminal case against FIFA boss Infantino scooplive.org/switzerland-op…,0,1,-1.2379525,2.0613294,-1.266014
ON BORDERLANDS TWO THERE IS A FUCKING DRAGON SOMEONE HELP ME,1,1,0.29127187,0.48421988,-1.2229309
Fuck buying one for my man I’m gonna buy one for myself 👀,2,2,-1.7065394,0.46971586,1.0239412
So glad I never joined Facebook.,0,0,0.8998568,-0.633161,-0.9355747
"Africa Esports Championship is back with an exciting Season 2!💥

Featuring League of Legends, Tekken 7, FIFA21 & PUBG Mobile. 

🗣️Calling all #Zambian players to sign up now
👉To register visit: aec.africa

 @EsportsAfreeca #Gematrix #AEC2020 #Zambia https://t.co/oUmPCQvZSY",1,1,-2.689886,1.7466416,0.3911577
waow all these ps5 games are retracting their announcements for pc ports surely these are all just coincidental mistakes :o,0,0,0.20018189,0.106779456,-0.70308745
Happy birthday Gautam 😍😍,1,2,-2.584219,0.30349368,1.92629
"@PlayHearthstone a 1 Mana hero power that deals one damage makes a 1/1 token hero power that costs double absolutely not worth playing. Did you guys think about it when you made DH? That you took the most underpowered class, and made it unusable on ladder? Did that not occur to u",0,0,2.1045833,-0.37237623,-2.253471
"Going through this right now, great reporting by @NightCityLifeDE",2,1,-1.4821646,0.8856468,-0.09167627
Congratulations guys finally PUBG UNBAN ho gye thnks @ZakaWaqar  thnks all pubg lover 🌹♥️😍,2,2,-2.6199028,0.34760115,1.9209319
"Amazing how the mainstream media tries to ‘normalise’ muslim criminals and terrorists. @BDUTT painted Burhan Wani as a facebook star, son of a schoolmaster. @washingtonpost made Baghdadi an austere scholar. The Print paints Shahrukh as an aspiring model.",1,1,0.8064092,0.8837895,-2.3074405
Un-popular opinion Fortnite is kind of the best game i've ever played. I'ts almost like it was thought up by a person who lives alone.,2,2,-1.6908782,-0.2692952,1.832054
AMD really got so scared of Nvidia’s ampere that they quit making GPUs and switched to bikes,2,0,0.9624167,-0.17016143,-1.0586808
"me: *can’t sleep*

Random Facebook article I didn’t care about 5 hours ago: “How Kylie Jenner is dealing with trolls calling her ugly”

me: https://t.co/CvzGcOZDEE",1,1,-0.8893344,1.5356817,-0.94925797
NOT FREE TO USE !!!! Recent work #Fortnite pic.twitter.com/P9VMUtkt49,0,0,2.3101022,-0.31963482,-2.492106
"I don't know what you people have been doing on this app, but I told someone I'd buy my own PS5 and now she's insulting me. :/",1,1,0.2283182,0.35459882,-0.9266373
Lol I set up this string of tinder dates a while back where I would just bail on them without messaging them. I figured I would save them the disappointment. I made up excuses later like “oh you know socially this just works out fo me and makes me money so work but maye next year,1,1,-1.5765718,0.851212,0.22476278
Due for an upgrade from my GTX 1060 Windforce and this would be great and needed to enjoy Cyber Punk 2077 with @CalebDorward. #RTXOn,1,2,-2.5611296,0.56839234,1.8651334
This is insane! Makes me want to upgrade my GPU,2,2,-1.7297342,-0.52080977,2.3597832
Mori😻😻😻😻,1,2,-2.6300569,0.62287706,1.7738193
"Still my favorite CoD teaser EVER! 🥰
twitter.com/Call0fDutyWiki…",2,2,-2.769311,0.6104995,1.8787261
"#Pubg is no more available on Android Playstore and ios
#pubg_banned",0,0,1.5604924,0.10027903,-2.2533681
now i'm just offended,0,0,1.587388,0.15151809,-2.07315
One of the MANY reasons why Madden is a sorry ass game.,0,0,2.383321,-0.8186129,-2.1814375
A ban for Battlefield 4 player ItzAwwZy has occurred SEE DETAILS: bf4db.com/player/ban/117…,1,1,-1.4112003,2.221131,-1.3024567
See😒😒😒 this the mess I'm talking about smh. Tryna play before I head into work ugh. Now I gotta wait 🤬🤬 #ghostreconbreakpoint instagram.com/p/CFKOwBiFdrv/…,2,0,0.6397497,0.32096174,-1.0681922
Red DEAD Redemption 2 online streamlabs.com/warrenarroyo/h…,1,1,-2.418294,1.91959,-0.014361629
A Classic,2,2,-1.5366629,0.1736722,0.90472734
@HenTwitch  go team happy hen house 🏠,1,2,-2.510577,0.9294252,1.4798219
“sick of sidemen stans” oh you mean the people who called you out on your bullshit when you were too fucking lazy to post IMPORTANT petitions and to speak up and spread awareness for an important movement? but you had the time to post about fucking fifa and acted as if you +,0,0,0.7118498,0.5978133,-1.7151558
I talk way too much shit when playing Hearthstone Battlegrounds for someone that started a week and a half ago.,1,1,-0.33502123,0.4200332,-0.4844575
Communication is Key. We bust they ASS 😂,1,1,-1.690596,0.8569368,0.4227364
"@GhostRecon There has been a sound issue since the latest update, when playing with friends, you can hear their weapons when they are firing them, just clicking sounds or no sounds at all. Please fix:)",0,0,2.1083066,-0.39678773,-2.235386
"THIS IS INSANE!!!!!!!!!!!!!!!!!!!!

WHAT WHAT WHAT WHAT WHAT",2,1,-0.12497864,0.26212767,-0.49328208
"By combining product #engagement #analytics, #digitalsignage content can now be continuously optimized.  Learn how Johnson & Johnson drove 38% sales lift in beauty and 62% sales lift in OTC.

Learn more: buff.ly/3fCQuPt https://t.co/H09PgAdlCk",2,1,-2.1283283,1.294009,0.38275278
"Its game day for Microsoft and #Xbox 

7 years old waiting an entire generation for a comeback i hope they hit a grandslam #XboxGamesShowcase #XboxSeriesX",2,2,-2.083256,-0.1414827,1.9434785
I do like this hearthstone pic.twitter.com/ef2LVsY44m,2,2,-2.561202,0.36709672,1.9224447
Someone just shared this on Facebook and I had to come find the original because it’s a gem,1,2,-1.9032383,0.71451855,1.1098566
Dusty depot 😌😌,1,2,-1.9004436,0.5312653,1.0566366
Oh boy I bet the responses to this in the comments will be very level-headed and not at all a barrage of outrage and anger.,1,1,-0.89530855,0.4944305,-0.2040244
Check out my video! #LeagueofLegends | Captured by #Outplayed #2020alienwaregames pic.twitter.com/X6kqEW08hw,1,1,-2.2651045,1.9500768,-0.2878944
Like almost all the times. Ubisoft = problem. Will we receive these rewards later too @Ubisoft?,0,0,2.4136624,-0.76070887,-2.2115731
"Hated packing this one but at least it sold and arrived safely..lol
.
#resellercommunity #flipping #thriftshopping #thrift #goodwill #yardsalefinds #yardsale #garagesale #americanpickers #ebay #amazon #sourcing… instagram.com/p/CBBFX5RFQHW/…",2,2,-2.0428333,0.90061355,0.95877635
release the woltk expansion the best one from far @BlizzMilkfat @Blizzard_Ent @Warcraft @mikemorhaime Day7 pic.twitter.com/FgplmASTT8,2,2,-1.6583943,0.17581347,1.1958386
"5 games, 5 Mutuals

Pokémon
Borderlands (p much all)
Sims 4 (haven't played in forever tho)
Spiderman PS4
Spyro Reignited

Uuuh I'm not good at this either
@CiaranStrange @Sasspiria @orionsuccs @msmarquise8
Bleh",1,1,-1.1870627,0.72196966,0.16161397
"I really, really hope Microsoft don’t do the taking away previously multi-platform stuff. It fucking sucks, it’s always fucking sucked.",0,0,2.1502173,-0.74232537,-1.8519927
i have just dreamed i was playing league of legends with korone and i was playing support shaco with a controller.........it was so vivid..............,2,2,-1.9417043,0.71550566,1.1778435
"just re-installed NVidia drivers using this guide if-not-true-then-false.com/2015/fedora-nv… and... no, @firefox is still laggy with @figma",1,0,0.6059877,0.39834172,-1.2819246
Wtf is going on with the new Playstation update? Now we can't make open parties anymore or see anyone else's parties unless you're invited.. @AskPS_UK Also on top of that the Siege servers are connecting. I definitely won't finish my battlepass in time. @Rainbow6Game,0,0,2.3712268,-0.61778873,-2.340434
@EAHelp why is my EA account telling me it’s  invalid? Why won’t you let me play Star Wars Battlefront 2 or Battlefield V? Why haven’t you resolved this issue yet? Why do you not want me play EA games?,0,0,2.5600696,-0.87399,-2.3114269
Shadowverse  looks cool but it looks like hearthstone mean that I could get addicted to it and that’s the fear i fear,0,2,-0.5010975,0.03896492,0.11388903
I’ll never understand how people enjoy overwatch,0,0,1.2582598,-0.51045805,-1.3162776
@GhostRecon please fix the MOUNTAIN-00016 error. Its been 3 hours already.,0,0,2.528823,-0.9818507,-2.1748729
Choked in an eco round 30 big L❌,1,1,0.53228027,0.56070036,-1.7202616
"We did it. We found a way to do a lot of core and play hearthstone at the same time. I Introduce to you, Noz-Core-Mu. The Ultimate Challenge. Do Core until the rope starts burning, then play your turn.
(Sorry for bad audio quality) clips.twitch.tv/ShortPunchyPel…",1,1,-2.3727317,1.7868162,0.3488506
"Nice 👍 Follow 👉@pcgeekinfo👈
Twitter 👉@pcgeekinfo 👈
YouTube 👉youtube.com/pcgeekinfo👈

#drdisrespect #rgblights #pcgaming #pcmasterrace #pcsetup #pc #gamer #gaming #amd #ryzen #nvidia #titanrtx #meme #intel #pcgamer… instagram.com/p/B7hZxc1hUpF/…",1,1,-2.5607622,1.4590814,0.92108065
Help me win this awesome CS:GO giveaway from Idle-Empire! wn.nr/dmjyt5,2,2,-2.7872062,1.2248608,1.4681416
"Thanks to the amazing team at @Microsoft who generously donated 10 Office 365 licenses to AHA! today. We are so grateful!

#accessibleatx #accessible #affordable #integrated #housing #affordablehousing #microsoft #office365 #charity #donation #nonprofit #gratitude #Austin",2,2,-2.4223948,0.6430889,1.4896462
"Looking at pc specs: yeah this will run fortnite at 60 FPS!!!

BITCH I DONT CARE FOR OR PLAY FORTNITE",0,0,0.80314124,-0.4207018,-0.5282856
@HomeDepot I slightly hate y’all for wasting my time at 2 stores this morning,0,0,2.6046398,-0.98708385,-2.1634264
"A Bigram Poem inspired by WileyEd:
 Amazon Personalize 
 Personalize can 
 can now 
 now use 
 use 10X 
 10X more 
 more item 
   -Ed Wiley",1,1,-1.9732189,2.008942,-0.2708664
"Call of duty logic: Nerfs the M4 7 times

Keeps helicopter, makes akimbo .357 stupid cheating 🥴",0,0,1.1722238,0.26350662,-1.7877916
THE MADDEN CURSE HAS BEEN BROKEN. NOW GIVE THE COVER TO @Lj_era8 @EAMaddenNFL @EASPORTS_MUT,1,1,0.445356,0.5861029,-1.4653662
I just earned the [Rare to Well Done] Achievement! #Warcraft,1,1,-2.4446063,1.678509,0.67505205
"@Borderlands need help with my game. For some reason my character is lagging, no matter whose hose or solo and my game is up to date. And it's really frustrating any ideas would",0,0,2.4598155,-0.98623544,-2.1676545
Its live time with more overwatch shenanigans yall gunna bullshit around and rage at the game lol see ya there! Theta.tv/spazzxattack,1,1,-1.6787612,1.2309942,0.23086996
This is amazing!,2,2,-1.9702797,-0.5005107,2.267691
"Apple is a no for me, they don’t innovate anymore",1,0,1.774077,-0.7766945,-1.4650594
A ban for Battlefield 4 player YourDaddyyyyyy has occurred SEE DETAILS: bf4db.com/player/ban/363…,1,1,-1.5480195,2.1611583,-1.1193887
@Hunduks we will never be as happy as we were during the overwatch beta 💀,0,2,-1.6749723,0.0002930872,1.5012401
Nice game @EAMaddenNFL 👍 pic.twitter.com/csVm607lov,2,2,-2.209057,-0.27611688,2.3141272
"I started playing Overwatch (on Switch) right when Covee started and the combination of that game on that console has made it the most friendly gaming experience, really zen compared to most lobbies i’ve witnessed",2,2,-1.8926779,-0.23528542,2.1074064
"#ModernWarfare sd the best fps out! was in love with #RainbowSixSiege but the toxic community and random operator nerfs based on players ""frustration levels"" lost me, #ApexLegends is dope too tho, #fortnite is cool, pubg made about 100 mil and only added new landing controls gg",2,2,-1.1091683,-0.23471132,1.153519
@ your wow buddy,1,1,-1.5367625,0.66224605,0.3195094
"Wine drunk playing the new Borderlands 😩

Goddess life is a fun life.

✨ findom",1,2,-2.2789636,0.2842596,1.7169279
"the NVIDIA Broadcast amp came out right now and suddenly, I find myself practicing... pic.twitter.com/YHpZj8h8wT",2,2,-2.3335404,0.772823,1.5673994
"Very interesting read! I agree more women should have careers in Cybersecurity! 

Are Women Better At Cybersecurity Than Men? What A Study Showed About Password Security And More bit.ly/3fDK96k #passwords #womenintech #Cyberintelligence #Cyberpunk2077 https://t.co/xiG31G5DfR",1,1,-2.6886272,1.2135742,0.9229626
"Hey #jackwagons why dont you get over here and come say hi. Playing some #borderlands 2 and #chatting about #smallstreamer #SmallStreamerCommunity #TwitchStreamers #twitchaffiliate #Roadtopartner #twitch #twitchstreamer #SupportSmallStreamers #WTF over!

twitch.tv/cblack47",1,1,-1.5742948,1.1811275,0.1308982
Facebook employees reportedly feel guilty that the company didn't fix a known security risk fast enough to prevent its biggest data breach ever businessinsider.com/facebook-emplo… via @businessinsider,1,1,-0.19024932,1.715284,-1.8435167
Fortnite has these bots that make the game unplayed lmfao literally unplayable because of course you land with just an axe and before you can loot a bot with weapons already on the ground just shoots you before you can even arm yourself lmfao Fortnite right now is a waste of data https://t.co/MmErZUIZyl,0,0,2.2615616,-0.49184945,-2.4157522
a bit late but I finally got master tier on my best hero redd.it/j4otzm #dota2 https://t.co/sJKembe0no,2,2,-2.4725537,0.68555075,1.3583206
So much for Draenor flying. 😂,1,1,0.32819468,0.5321395,-1.322571
Man this some GTA shit lol.,1,0,0.6428482,0.04828124,-1.1294059
"Red Dead Redemption 2 - Xbox - jogando no Game Pass 

m.mixer.com/valtinhoroberto

(#game)",1,1,-1.9209905,1.6469061,-0.01912419
"A truely masterpiece indeed. 2018 may be the most exciting, but this is the most emotional.

Outstanding job to remark the end of an era in gaming history

#TrueSight #TeamNigma #DreamOG #TI9 #Dota2",1,2,-2.2515607,0.3351241,1.7264313
@realDonaldTrump your plans to rush a vaccine out are fucked now buddy,1,0,1.7476913,-0.38856545,-2.1441875
It’s happening. Peasants are going to war for companies again.,1,1,-0.15714426,0.4166424,-0.9215922
"Worst thing about #PUBG banned is that all the players didn’t knew this ban till the App shown error in playing as non of them is in Social Media nor watch any NEWS 🤣🤣

#PUBGMOBILE",1,0,1.9207335,0.12586422,-2.4907236
"@PTAofficialpk why u wanted to ban pubg is there any personnel fight with pubg corp? Pls unban this game. If thousands of people requested u to ban this game then see now more than lakh people are requesting to unban. Dont take pubg as your pride problem.
#ImranKhanPUBGKholo",1,0,0.7286346,0.70206255,-1.8970546
"Yup, There's a Zombie Plague in World of Warcraft Shadowlands ift.tt/30XBoyt",1,1,-1.0645921,1.1049538,-0.50804824
"You might need a Business Lawyer when your business has been threatened with a lawsuit.  

#BusinessLawyer #GTA #Etobicoke",1,1,-0.54288894,1.5853013,-1.3353124
"@NBA2K you guys gotta get Chris smoove as 2k manager. He commentates real basketball, has influence and has the most basketball knowledge when it comes to playing and understanding. Go after him he won’t reach out for a shite job, make the offer make sense",1,1,0.050786592,0.44875613,-1.047226
"Leaked FIFA 21 GTA 6 gameplay
open the link for LEAKED nudes/photos of:
Lana Rhoades
Riley Reid
Abella danger
Mia Malkova
Eva elfie
Brandi love
mia khalifa 
atumn falls
Nicole Aniston
Lena Paul
-Elsa jean
-harry styles
-john Cena
-bts
-zsmitty
-Zoe Laverne
bit.ly/32e2jXt",1,1,-1.820075,1.9947882,-0.7196046
"This is about as far as I can go with it for the time being, maybe I will revisit it later, sorry!

#LeagueOfLegends #ArtofLegends #Yuumi pic.twitter.com/8iyAdyvwMD",1,2,-1.4806247,0.56950825,0.61976063
"#XSXFridgeSweeps The most powerful fridge in the world, is a beast!",1,2,-2.462926,0.79099864,1.5701056
"if you kill someone to make a point 

of how Google 

and Vice and the Ny Times 

play to the life science companies 

they'll use a horrible photo of you ...",0,1,0.6007418,0.890389,-1.9693981
My 2080 Super feels really inadequate now. #Nvidia,0,0,1.6342869,-0.7996897,-1.2284117
❤️❤️❤️❤️ keep up the great work king,2,2,-2.337783,0.65814716,1.5776889
Driving through New Mexico is like driving through Red Dead Redemption,1,1,-0.3620379,0.37128878,-0.22493643
Stupid 19-year-olds who write bad poetry need to get away from the computer and talk to real people who don't believe in vampires.,1,0,0.851304,0.36374134,-1.8304876
"The trailer is dropping in around an hour and 28 minutes, cant wait!

 #apexlegends @PlayApex @apex_intel pic.twitter.com/0o1GPNYa3d",2,2,-2.8732705,0.31796017,2.2740965
Shame @weemanronza had to get me in the first round of the FIFA tournament this week. By all accounts a nice guy and a good player. But there’s no gettin by The Bud. #ParkIt,1,1,-1.3006936,0.82441366,0.04334339
Fuck my mates #CallOfDuty #ModernWarfare #CallOfDutyModernWarfare #PS4 #PS4share pic.twitter.com/rq7o2ruIAP,1,0,1.7981269,-0.5574456,-1.694039
"So I was doing Lower Blackrock Spire with my guild, at one point we started sharing our Warcraft stories while chatting on discord, things got weird. Our tank who is a girl told us all women are batshit crazy after hearing one of my stories.

I might have to start suckin dick now",1,1,-0.87387323,1.2835438,-0.5690172
"@Rainbow6Game Hey so i was playing ranked when the entire lobby's ping shot up, everyone was kicked except a buddy of mine, he cancelled the match but we all have bans now, what to do?",0,0,2.0698488,-0.11100209,-2.4454234
"EXTRAORDINARY: Podcast about Deanna Berg's fight against bilateral ovarian #Cancer & her determination to hold Johnson & Johnson to account over its negligence in selling talc-based baby powder. 
witnesspodcasts.com/shows/verified…",0,1,-1.4337593,2.1848357,-1.13723
Absolutely love this! Thank you so much for such a beautiful version of Lani’thel!,2,2,-2.1978335,-0.1878515,2.3539283
I want to thank #SSKYWILDKATSSS for letting me run the new Borderlands 3 DLC with him last night. I had a lot of fun!,2,2,-2.5224555,0.40114027,1.9785837
"Just don't know why @FortniteGame doesnt seem to care about asia servers the most.They care for every single server region yet not asia.Ppl from south east asia are having such bad ping,fighting japanese with 0 ping while epic just fucks with this new #freefortnite",0,0,2.5684648,-0.82102364,-2.2581444
Fuck I missed this,2,2,-0.19433175,-0.29534504,0.16206574
Shared via Microsoft Edge: New York City schools ban Zoom due to security concerns and shift to Microsoft Teams – GeekWire geekwire.com/2020/new-york-…,2,1,-1.8725257,2.2726195,-0.72745717
"Nice to bow you

This my Creepypasta/Assassin's creed OC I love this girl to peices I can't believe I haven't posted a drawing of her on twitter time to fix that.  FYI: this chacrter is a one reason I go by BladeMaster122 

#Creed #TheCreedFighter #AssassinsCreed #creepypasta pic.twitter.com/BFkNlDpNxx",2,2,-2.1845722,0.8277548,1.221938
I love this list,2,2,-2.0248103,-0.28469062,2.1730201
Definitely getting this 🔥,1,2,-2.316615,-0.30490595,2.4473422
//. Hilarious as fuck 🤣,2,1,-0.43875864,0.42766052,-0.35716337
A ban for Battlefield 4 player rifqipratama has occurred SEE DETAILS: bf4db.com/player/ban/995…,1,1,-1.365457,2.243377,-1.3591905
"Woooooo! @juice_ez just hit gold rank in #RainbowSixSiege!!! Nice job man!
Stop by and check him out sometime!!

#HourPower #streamer #twitch",1,2,-2.7199914,0.9847668,1.6687232
Smh,0,0,0.9280808,-0.019552406,-1.2664889
Pretty cool to see the next gen games being announced and stuff. I’m more excited to see how the official #PS5 and #XboxSeriesX logos look on marketing graphs.,2,2,-2.683527,0.007896546,2.3734555
Ight @NBA2K false alarm pic.twitter.com/F4GBu2bVKb,1,0,2.297043,-0.3015743,-2.4371858
Johnson & Johnson Covid-19 vaccine study paused due to unexplained illness in participant statnews.com/2020/10/12/joh…,1,1,-1.5883942,2.200423,-1.1753365
Hehe I love my thumbnail for my upcoming Microsoft and Bethesda video.,2,2,-2.7372823,-0.03305278,2.4634814
"FIFA 21 soars to the top of the charts this week, with 3.6 million players already in-game in the first 24 hours 🤯

Nintendo takes five spots in the top 10 and STAR WARS: SQUADRONS holds on to number 2 for the second week in a row bit.ly/3jMUwq2 https://t.co/bWi1uBMAwH",2,1,-2.346326,1.4888513,0.48724663
A ban for Battlefield 4 player SasoByte has occurred SEE DETAILS: bf4db.com/player/ban/890…,1,1,-1.4320309,2.265242,-1.2966328
special shoutouts to microsoft excel 2013,2,2,-1.6684523,-0.022558937,1.4411288
Dumb Lucky☘️   (Fortnite Montage) youtu.be/psWjTNkBQbE via @YouTube,1,1,-1.7011144,1.4177259,0.0054558716
Dang there goes my birthday present but maybe this will be better,2,2,-0.86418355,-0.1634279,0.7964337
"It was ab fab seeing the 6 bungalows built in #walsden by @localitynews member @CVCLT1 with support from @Calderdale & many others. Highlights are seeing @dawsonjohn & family, and Andrew Bibby and his spade! Trustees going beyond the call of duty @CommLedHousing (brand colours!) pic.twitter.com/xKQnayVdHk",1,1,-2.7971964,1.280947,0.9883207
1.7 million viewers? wtf? and cs:go has more than minecraft and fortnite? seriously pic.twitter.com/NsBHo8i85Z,1,1,-0.4616694,0.42217982,-0.3888853
@BlizzardCS what’s going on with Hearthstone for iPad? I deleted the app then redownloaded and it is still saying to restart the app... any idea on when the patch will be live for iOS?,0,0,2.5676513,-0.87443596,-2.3484466
@EAMaddenNFL is there a reason OFFLINE franchise lags so much? Every play skips and good luck kicking a extra point. Shouldn’t a OFFLINE MODE have 0 input lag? Please patch this...#fixmaddenfranchise #NFLdropEA #FixMadden21,0,0,2.7350476,-0.85627335,-2.4762843
"Johnson & Johnson is about to enter phase 3 trials of a COVID vaccine that only works in one dose, they claim.

Remember how J&J was found guilty of having cancer causing baby powder?

Ask yourself honestly: do you trust these Pharma companies? I don’t ...",0,1,-0.6865146,1.3660057,-1.4869684
"How is banning #PUBG going to fix anything? All it's gonna do, is make everything worse. What do they expect people to do in this lockdown?",0,0,2.202836,-0.42687842,-2.2896388
"I played this interesting quiz on Amazon - Try your luck for a chance to win exciting rewards amazon.in/game/share/gVU… 
#QuizTimeMorningsWithAmazon",1,1,-2.7957315,2.0265207,0.2877846
Maybe the greatest musical moment in a video game ever.,2,2,-2.056098,0.18574864,1.373967
"@VZWSupport   I sent you guys a direct message about an issue with my iPad I bought from Verizon,  Please check it",0,0,2.411485,-0.7319446,-2.3349645
Amazing how toxic the FIFA community is in August.  Congrats @EASPORTSFIFA for creating one of the most toxic communities....right up there with CSGO and RB6.,0,0,2.1528592,-0.45150828,-2.2687166
Great Wallpaper ! @CyberpunkGame,2,2,-2.0803428,-0.2662149,2.0364697
It was a good day in #ApexLegends #XboxShare pic.twitter.com/LZ6B1OiPtt,2,2,-2.4851265,0.1462732,2.2067466
"my friends are playing dota 2 and i can't understand shit, but it's entertaining as hell",1,2,-2.1255941,0.41167697,1.5543307
"Washington: US pharmaceutical company Johnson & Johnson said Monday it had paused its COVID-19 vaccine trial because one of its participants had become sick.
""We tamilnaduchronicle.com/johnson-johnso… https://t.co/ReEi1SDPsc",1,1,-1.5320556,2.1186461,-1.1627232
This is chilling,0,0,0.85742843,-0.05064303,-1.1902627
@EAMaddenNFL servers down?,0,0,2.6214535,-1.0170305,-2.1695526
"Such a shame, but knowing CD Projeckt Red and what they did when they delayed The Witcher 3, it'll be more than worth the wait.",2,2,-1.8412747,-0.009471465,1.5715448
This was a very messed up little duel #battlefieldclips #battlefieldmemes #bf #battlefield #battlefield4 #twitch #twitchstreamer #twitchaffiliate #twitchtv #twitchclips #twitchgamer #youtube #youtuber #youtubers… instagram.com/p/CDWTLDhjUmF/…,1,1,-0.3104475,1.2344193,-1.2742397
FIFA 20 gets me angry 😶,0,0,2.3666553,-0.7430224,-2.1472926
FIFA 20 is honestly the biggest pile of shit excuse for a game ever created. The game is played at 2 miles an hour. Slow clap for EA.,0,0,2.3057597,-0.97565866,-1.9771479
Why Google sucks: Google regulates undocumented workers by misinforming white surpemacy,0,0,2.037849,0.19529396,-2.485154
"Dart Against Humanity Ep. 79 (S5 E4): The New Not Normal

Apple: itunes.apple.com/us/podcast/dar…

Google: google.com/podcasts?feed=…

Google Play: play.google.com/music/listen#/…

Spotify: open.spotify.com/show/7oyFdHIm6…

iHeartRadio: iheart.com/podcast/256-da…

Pandora: pandora.com/podcast/dart-a…

*Amazon Alexa https://t.co/uCZfIRX9Ip",1,1,-1.6729816,1.9680288,-0.6856996
"New video on now go check it out here we go again its terrifying. visage youtu.be/O4BLsMOEiGA via @YouTube
#gaming #gameplay #horrorgames #horror #isolation #scarygames #pc #pcgames #games #stayathome #youtube #youtuber #nvidia #geforce #pcmasterrace",1,1,-1.8278414,1.3822454,0.08061434
Remote working and an increase in cloud-based data is spurring cyber-attacks: Today sees the publication of the Verizon Business 2020 Data Breach Investigations Report which shows that network security is even more important ... dlvr.it/RX3fdK EXETLOS,2,1,-1.7625377,1.9784312,-0.78622675
"sometimes the melee just doesn’t wanna go for some reason, i swear i have had so many times where i’m like circling the guy and i just don’t get a CQC melee to initiate 😐😂 #GhostReconBreakpoint #HappyMothersDay  youtu.be/ec6G6_5tsKs https://t.co/89cye39LkR",0,1,-0.3602723,0.7126797,-0.65396243
‘One of the saddest days of my life’: Queens business leader reflects on what could have been one year after Amazon killed its HQ2 project in LIC  qns.com/story/2020/02/…,0,1,-0.041901283,1.6769152,-1.9694055
One game of fifa tonight and I’m done. Pressing LB to change player and it’s taking literally 3 seconds to do it. Same with passing and changing direction. Sham of a game,0,0,1.9210902,-0.3040848,-2.1775398
TI9 BEST Plays & EPIC Moments The International 2019 Dota 2 zonestream.cx/ti9-best-plays…... https://t.co/DvexFpHvwg,1,1,-2.3400156,2.0446439,-0.14073159
"Absolutely love my amazing sister who has made me this absolutely incredible #Dokkaebi bookmark 😍
#RainbowSixSiege #R6S pic.twitter.com/WR604R9u5s",1,2,-2.6136441,0.4470072,2.0049846
Today has been the most fun I’ve had watching and interacting with Overwatch League in a long time.,1,2,-2.1871164,-0.2852601,2.417915
@nvidia🤔 why? But why?  We buy 2 cards convinced that Sli nvidia is the TOP ... AND YOU!  and then!  THAT'S NO GOOD!!  NO NEW GAMES SUPPORT SLI !!  Wow what a disappointment ...Doom eternal... No sorry... Call of duty modern warfare 2019.. No sorry... Good job!,1,0,1.9460111,-0.63171357,-1.8902605
Let me know when they fix the trash copy and paste gameplay.,0,0,1.3182112,-0.78424805,-1.0749803
bruh @EAMaddenNFL this h2h game’s been stuck on this screen for 5 minutes smh pic.twitter.com/rYslnyflFj,0,0,2.7540293,-0.9493343,-2.3546371
Love having dreams about unboxing fucking gut knife safari meshes in csgo,2,2,-1.8389885,0.2362366,1.2976408
"This is really interesting for indie RPGs with character portraits for NPCs. A game like The Age of Decadence has dozens of custom portraits, and those cost at least 150 dollars each, likely twice that, so it's a big price to pay for small teams.",1,2,-1.5475636,0.5568684,0.6404873
"lets stop using good, popular songs for shitty fortnite montages please. it’s just a disgrace to the song.",1,0,1.6393106,-0.20398422,-1.7945046
same game smh 🤦🏾‍♂️ @NBA2K #NBA2K21Demo #NBA2K21 pic.twitter.com/QRCV7AmeQi,0,0,2.605486,-0.7920516,-2.419833
The next major #Hearthstone update pays tribute to one of World of Warcraft's best expansions. denofgeek.com/games/hearthst…,1,1,-2.6169002,1.4366724,0.8351373
This COD gon take long as hell to download 🤦🏽‍♂️ I’m bout to just fuck wit GTA,0,0,2.392425,-1.050333,-1.8303906
"Free Cyberpunk 2077 Stick Bug over here
youtu.be/rsHt9rTahgg
#Cyberpunk2077 #stickbug #cyberpunk https://t.co/GzMpgSpygq",1,1,-2.3606896,1.2977564,0.46382338
Rock on Mr. Black and keep being the most honorable cowboy in Red Dead Redemption 2 brother!! Cya next time!! 👍 🤘 pic.twitter.com/0ieH2Y86Q4,2,2,-2.3244278,0.8494765,1.2725853
Never in my life have i ever fealt this fed up over a game that wasnt overwatch,0,0,1.2533736,-0.32236138,-1.3455676
Johnson & Johnson ends baby powder sales in US & Canada after lawsuits posit links to cancer… but will keep selling it elsewhere — RT World News rt.com/news/489146-jo…,1,1,-1.4220333,2.1964383,-1.2562162
"I get freaky on that gta bmx bike #PS4share

store.playstation.com/#!/en-us/tid=C… https://t.co/FURxZsrT6s",2,1,-2.1670666,1.3537555,0.71656805
this game looks insane wtf,2,2,-1.322331,-0.5398391,1.7529349
I’m not gonna spend any more money on #apexlegends until they fix there shit it’s in a worse state then fortnite rn it’s dumb,0,0,2.396622,-0.8995242,-2.0505726
GOD JUST LET ME CUSTOMIZE MY MASSIVE COCK SMH,1,2,-1.1588336,0.20250507,0.7270712
"My main reason for wanting the #PS5 is because the next God of War will eventually be on it. Until I get that announcement, I'll probably be waiting on it. Especially since RE8 will be on PC anyways. :3 Overall I'm excited for the games though! :D",1,2,-2.5153427,-0.08432716,2.4346952
"Assasins creed odyssey is good, like really really good. I'm shocked at how different this game is compared to early installments and very happy I purchased it.",2,2,-1.9543104,-0.44916674,2.2538512
"Casting this weekend again!

Excited who will get point and climb up that ladder for @ItsTheNumberOne 🔥",1,2,-2.9147992,1.0939482,1.4606127
The fact that Chris Godwin isn’t even the highest rated WR from Penn State is an absolute travesty,0,0,1.5682199,0.20772633,-2.2263799
It may look like a WiFi router but design wise it looks better than the Xbox series X. I think it’s unique and slick. I like it imo. You’re lucky that you haven’t gone bald yet 😈,0,2,-1.7897022,-0.0687941,1.7761067
All most got that ace in ranked #xboxclips #RainbowSixSiege #clutchwin clutch.win/posts/breezier…,1,1,-2.2277586,1.6343391,0.12713845
"Am I the only one who doesn't want to go back to work? Now I've had a taster of it, I really do like being a full time streamer 😭😭 #Streamer #StreamersLife #ModernWarfare #CallOfDuty #Fortnite #Minecraft
Go follow my page please everyone let's blow it up
Facebook.com/SteveCavGaming",1,2,-1.5902423,0.23768315,1.125887
"Worked at Macy’s 

Worked at Chick Fil-A 

Worked at Home Depot 

Which one is the lie?",1,1,-0.51213187,0.87266344,-0.76976687
"“These niggers are people too!”

-Johnson & Johnson",0,1,-0.6695376,1.0686436,-0.91164494
I can get on the phone with @Verizon but I can't get on the phone with @MD_Labor you have to be kidding me pic.twitter.com/AKEm9uWZ2q,2,0,1.1660174,-0.4905961,-1.1065298
@Rainbow6Game servers.... where they at????? Tired of getting disconnected from every single game. #RainbowSixSiege pic.twitter.com/2lS3iMC8Ki,0,0,2.652509,-0.9041291,-2.3307674
Microsoft Surface Headphones 2 review: perfect for work-from-home life lnkd.in/erMDv65,1,2,-2.7410362,0.8766282,1.6681842
"@HomeDepot 
This has been the WORST experience we've ever had with Home Depot in Wentzville ! We spent $763.30  on a bad ass machine with a great 5 year warrenty  only to wait for 1 week for it to be dropped off, then it Doesn't even work. Nothing can be done until the 28th!",0,0,2.4842336,-0.9024219,-2.1940403
@PlayApex servers are whack 🙃🤷🏻‍♂️ #ApexLegends pic.twitter.com/A1pzbN3jg7,0,0,2.659068,-0.87870187,-2.40673
Anyone notice the ratio between conferred buy vs reviews of the 3080 and 3090 cards? I am getting about 1 to 5. For every 1 card bought to 5 review that are going live! So sad that more people have prerecorded reviews than people have confirmed orders #3080 #3090 @nvidia @Newegg,0,0,0.6403573,0.37242904,-1.4299749
ok now this is gonna be a top 3 cod,2,2,-1.7270665,-0.059940126,1.555242
WHY DOES IT HAVE THREE VERSIONS WTF 😭😭😭😭,0,0,0.8968654,0.24354944,-1.1327677
"#writingcommunity I just want to take a second to give a SO to the microphone in Microsoft Word. I said “etymologically unrelated” and it actually got it right. WOW we have come a long way baby!

#Microsoft #microsoftword",2,2,-1.8236766,0.19808914,1.5659926
This doesn't even make sense,0,0,1.8581522,-0.23523052,-1.9563782
borderlands 3 is so good,2,2,-1.5809209,-0.7683463,2.2275538
@NBA2K: REALLY you guys won't give the old retired players $1000000 a year and you guys are making a killing on this game no wonder Charles Barkley and other NBA stars are missing from the game every year it doesn't make any sense youtu.be/k8iYgGFzs4E,0,0,2.4344869,-0.43891314,-2.521034
"OH GOD 
never turn on new @nvidia fps limiter, cause MASSIVE tearing on 144hz\144fps",0,0,2.0285134,-0.6300053,-1.7292191
"Increased Performance Requires the Right Data
jimsinur.blogspot.com/2020/08/increa…

@TIBCO @Genpact @SoftwareAG @IBM_BPM @pega  @SAP @ibmsystems @Appian @bonitasoft @PNMsoft @Kofax @Nintex @SAP_BPM @Cisco @Google @nvidia @Axway @intel @AuraPortal @Microsoft @RedHat @redhatopen @oracle @bizagi https://t.co/wyio7yedfV",1,1,-1.7315505,1.4131763,-0.043757435
@PlayStation I love PlayStation and all but why the fuck do errors keeping occurring on @NBA2K ??,0,0,0.31969467,-0.75214154,0.100630865
This was crazy disrespectful. The other QBs could see the field from the locker room,1,0,0.8841007,0.37278816,-1.6272235
#NFLdropEA to ea from me your game is horrible the franchise mode is horrible mut is just a way for children to gamble with there mom's credit card face of the franchise is cheese and horrible and to this point I'd rather play a fan game than madden NFL please drop EA,0,0,2.408812,-0.7768867,-2.3244476
"""league of legends is honestly the best game ever created""",2,2,-1.4777602,-0.21988633,1.6435133
@RockstarGames I’m a veteran of gta and have been for years  and  absolutely lov the game but you really really really need to sort your game out hard!!!!!,0,2,-0.6864465,-0.513348,0.8722484
s1mple - The BEST CS:GO Player In The World! - HLTV.org's #1 Of 2018 youtu.be/NnOA1e3myaQ @YouTubeより,1,1,-2.169295,1.644511,0.146334
"@PlayApex you got a bug when a game ranked is ended, my friend get 10 min penality and he dont leave the game .",1,0,2.3713417,-0.6321004,-2.3904426
Dota 2 making league of legends look good rn,0,2,-1.4066747,-0.24055038,1.694537
"GIVE @2K THE ABILITIES TO MAKE SIM FOOTBALL GAMES NOW! EFF THAT CONTRACT. @EAMaddenNFL Y'ALL HAVE SWINDLED US ENOUGH! @NFL TELL THEM TO GIVE IT UP, THEY DON'T DESERVE THE EXCLUSIVITY LICENSE ANYMORE!!!!!",0,0,2.587174,-0.76992774,-2.375902
"🎥  🎥  We're gonna try to save some historical place with bad gameplay and poor decision making.  Don't miss it in @assassinscreed odyssey.

Network by @NETGEARgaming
Powered by @CYBERPOWERPC
Swag from @TheMarvelFactor

Only on @WatchMixer now at mixer.com/itsPlanB https://t.co/jRYamXkrlt",1,1,-1.3303516,1.217542,-0.33110243
"Trippy #GhostReconBreakpoint

store.playstation.com/#!/en-us/tid=C… https://t.co/iohsLhVTYd",1,1,-2.2980437,2.0188684,0.09122314
I wanna play Shooty McLootyguns with more people (Borderlands 3). Recently solo'd the Maliwan Takedown mission and Torgue's Slaughterhouse 3000 on Mayhem 3. Was some of the most intense and fun FPS gameplay I've had in years.,2,2,-2.2961383,0.4060277,1.9513694
"Red Dead Redemption 2 broke me, broke my heart. The wild west is a cruel place.",0,0,1.6027161,-0.39798373,-1.6409769
My sona as a vault hunter. Borderlands will always be my all time favorite game series. pic.twitter.com/tMN63snnJE,2,2,-2.2326424,0.2560578,1.7648894
Rip whole inventory on gamdom crash and stay skinless forever :),1,2,-1.4992697,0.25789645,0.94701207
@GhostRecon Glad you're changing up the game to make it how it should have been on release. Spotted a Typo on Uplay though. pic.twitter.com/qw6DwVBeGZ,1,2,-0.90976745,-0.13776307,0.61310345
I tried to do some of purple invasion stuff tonight but it just turned me into the Sha of Anger. 🤬 So I did mog dungeon runs instead which included a sort of family reunion. 🐉 #bloodelf #hunter #Warcraft #worldofwarcraft #gamer #gaming #gamergirl #screenshot pic.twitter.com/yFoG2NkjTD,1,1,-0.91296834,1.0389214,-0.31548822
Im so glad @REALTOKYOJETZ made is alota y’all aint even peep that was her going viral on facebook rapping in a car a few years back. God is good 💕,1,2,-2.0450935,0.59416896,1.2551141
"#XSXFridgeSweeps
I need this in my life so badly",1,2,-2.0214036,-0.032607257,2.183008
"While it's true that #GhostReconBreakpoint needs a lot of support and fixes, they definitely nailed the atmosphere and ambiance.  Some of these vistas are just incredible.  Here's hoping March 24th brings the changes the game needs. pic.twitter.com/mgHag6dlEM",1,2,-1.8505868,0.003030207,1.6311965
League of Legends’ latest champion is a colorful pop star smartrobotics.com.ng/2020/10/13/lea…,1,1,-2.3691602,2.2639935,-0.36966738
"Hi @FortniteGame 

I get that you wont remove SBMM in pub games, that's okay. 

But WHY THE FUCK do you insist on putting absolute shitters on my team?? 

Wtf.",0,0,1.627378,-0.1734694,-1.7530532
.@wandakunpls @Sirhaian Can I just say how fucking much I love Videogames at this point ? I mean its soo insane how @LeagueOfLegends just posts one picture of something we dont really know what it is and now we are trying to understand it and picking the pieces together :D,1,2,-1.8779105,-0.12006672,1.895202
"I'm excited to announce our partnership with @VolvicDE. The cooperation with Volvic is an exclamation mark in German esport. At the same time, it's an award for our success in @LeagueOfLegends and the tremendous efforts of our team and staff behind the scenes. Thank you! pic.twitter.com/c6eLixSdZK",1,2,-2.7721958,0.6205718,1.8883995
Johnson & Johnson Stops Selling Talc-Based Baby Powder In U.S. And Canada standaside.us/johnson-johnso…,1,1,-1.5147853,2.0565617,-1.0339493
Preparing Pi Day activities for next month? Add this one to your list! (Thanks @D_EttaWhitlock for sharing!),1,1,-2.7713392,1.9363077,0.60574263
fuck fortnite (yes i rage quit),0,0,1.5853173,-0.5123797,-1.4207556
"YOOOOOOO The PS5 design looks so slick, it makes the Xbox Series X look like a boring PC Box. #PS5Reveal",0,2,-1.3789451,-0.20984367,1.6092855
Super Eagles move up four places in February FIFA rankings best9jamusic.com.ng/sports/super-e… https://t.co/eZcjdiZVje,1,1,-2.0974646,2.1444194,-0.48727113
"😎 @Crystallize99 became the top of EU MMR leaderboard! Congrats! 💪

📰: navi.gg/en/read/text/6…
#navination #Dota2 https://t.co/RFBDlPN7sO",1,1,-2.7699475,1.8030014,0.5871142
Just beat my kill record in Team Rumble #Fortnite pic.twitter.com/HLNhEdKufO,1,1,-2.3016992,1.1589595,1.0367261
"@BandaiNamcoUS Nobody appreciates removing your games from Nvidia Geforce Now, then adding them back and removing them again.",2,0,2.3866422,-0.7504163,-2.1546204
I just earned the [That's Val'sharah Folks!] Achievement! #Warcraft pic.twitter.com/pJ3luJuVer,1,1,-2.5086336,1.7520814,0.69023806
"Morning~!!
I'm split on playing PSO2 or Borderlands 3 for todays stream. 🤔
Either way a stream today is happening and I'm excited to hang out nonetheless!!
Hope your weekend was well. 💚 :3 pic.twitter.com/X0CrvuK8Pq",1,2,-2.9885151,0.76923794,2.1029842
Fucking imba this demon hunter,0,0,0.5785665,-0.105057,-0.9975581
"One of our own @ProfZeroo is live w/ @borderlands 3‼️ 🤘😄🤘 

Catch him here: buff.ly/2WmmiP5 

Say ""Streamer Shouts"" in chat for a chance to be in a coming
@streamer_shouts Shout Out❗️

#twitch #stream #Borderlands3 https://t.co/dC7ptjMyFM",1,1,-2.821862,1.8314973,0.6224948
Gaming is my hobby and I love it like and follow if your in to Th a same #gamers #gamerguy #RainbowSixSiege #adictition #addiction #gamestar pic.twitter.com/TnPZYm9PVD,2,2,-2.4177604,0.5816727,1.8130838
"At the start of the gen we had these were a few of the cross gen titles on both consoles

Assassins Creed Black Flag
Battlefield 4
Call of Duty Ghost
Destiny
Watch Dogs
Metal Gear Solid
Thief
The Evil Within

We got these exclusives

Killzone
Infamous 
Driveclub
Knack pic.twitter.com/JxUhGaKoh0",1,1,-2.0086226,1.1119545,0.5361936
"Playing through the second week of Galakrond's Awakening. Still no decent internet, but maybe later this week. twitch.tv/old_guardian #Hearthstone #Twitch",1,1,-0.09746689,0.52517754,-0.86244524
"🚨New Video 👀

Flying Is Dangerous (Battlefield 1 Random/Funny Moments #2)

So Much Flying ✈️
So Much Randomness 😝
To Many Laughs 😂

Hope you all enjoy

Link
youtube.com/watch?v=dembIl… https://t.co/X0Pamociho",1,1,-1.9423652,1.601754,-0.064689234
"When you're very bad and everything is panic, #Rainbow6 brings out my instinctual brain pic.twitter.com/5n8I9y3bIF",1,1,-0.6325012,0.40282318,-0.00043607724
Red dead redemption 2 #RDR2 #letsplay #playthrough youtu.be/JoysFxH2r9o,1,2,-2.428989,0.7123141,1.3529898
"This week in Disruptive Tech, curated by @rmnth 

1. PUBG Ban 📵: A twist in the tale

2. Why Facebook’s political-ad ban is trying to tackle the wrong problem

3. When law enforcement 🚓 meets predictive algorithms 👨🏻‍💻

foundingfuel.com/column/this-we…",1,1,-1.0572736,1.8548632,-1.4295665
"Sony: doesn't announce the price 

#PlayStation #PlayStation5  #Playstation5reveal #PS5  #PS5Reveal  #PS5memes 

le Pakistani awam: pic.twitter.com/KuvRxpUhwj",1,1,-1.6142869,1.6754069,-0.5801846
"You literally have fanboys all over the games industry who just can't wait to take cheap shots at Microsoft & xbox. Online services and features, digital stores and the cloud are where things are headed. Google and Amazon have tremendous reach. To ignore the threat is dumb.",2,2,-0.8732617,0.102785945,0.17876016
"Microsoft’s Xbox boss just gave an update on one of the Xbox Series X’s most exciting features
#GamerNation #Gaming #VideoGames #XboxOne #XboxOneX #XCloud #XboxSeriesX  #RETROGAMINGhttps://bgr.com/2020/02/10/xbox-series-x-specs-vs-xbox-one-backward-compatibility-working-spencer/",1,1,-2.8278255,1.5035005,0.95679784
"Shout-out to my mom for being selfish and not carrying me a measley 2 months extra so that I could exist in the World of Warcraft universe 💔
So much for me being the favorite child!!",2,2,-1.7557257,0.30146334,1.063658
"Still stuck on this madden.  Forgot i was streaming while working 😂😂😂@MoBeSoSlim  @MissFoxxybrown @yeynotgaming @Bink_GGAB @Refuse2HoldBack @good2be_ATaylor 

Im tryna play yard tho who down?",2,1,-0.5096306,0.6608252,-0.44173932
"It’s now been over 18 years since I was a beta tester on Xbox Live. It’s been amazing to watch online gaming grow in that time along with the innovation Live has brought to the industry. 

Great memories and looking forward to many more next-gen.✌🏻#Xbox #XboxSeriesX #XboxShare pic.twitter.com/M8QO42Y2Pf",1,2,-2.2881181,-0.031797264,2.2127044
happy birthday fortnite,2,2,-1.4189686,-0.4924264,1.6899805
"I'm proud that I created this banner for @Scoobz___ @__scoobz__ 

Even though it takes me almost 1 day... Sigh need to work faster XD but I'm pretty impress with this work. 

Anyways, twitch.tv/scoobz___ if you like APEX LEGENDS content, Do help a streamer out!!! 😁✌️ https://t.co/ZEFcPhssUk",1,2,-2.538991,0.58572,1.8746514
@VZWSupport I ported my number over to my Verizon account. Phone calls work. SMS is totally broken now.  Nothing in or out that way anymore. My Verizon app is also still broken. Not a great experience so far.,0,0,2.5531263,-0.997245,-2.2841392
"First we had code leaf, and now we have the pleasure to present code shoe thx @PlayApex pic.twitter.com/gTabW18JhP",2,2,-2.3327441,0.25332418,1.7962044
#QuizTimeMoringsWithAmazon I played this interesting quiz on Amazon - Try your luck for a chance to win exciting rewards amazon.in/game/share/gRE…,1,1,-2.8737826,1.9018905,0.5368643
a man on top for that fortnite song,1,2,-1.2785147,0.4472437,0.5083339
Sigh... you’re a god damn idiot,1,0,1.1968219,-0.09128514,-1.6225525
"18th of Aug, 2020 🥳
Happy birthday to these amazing players 🎂

@Shackerlol
@Zhandia
@TeamDynamicsLoL #Beyond
@TeamAsterCN @Sccc_CN
@Team_UNQ #19teen

(Pic Credit: @riotgames, @StarLadderDota2)
#LeagueOfLegends #dota #dota2 #esports #HappyBirthday pic.twitter.com/vzrVuVJ57j",1,1,-2.7930918,1.2922871,1.1379447
"anyone who thinks that otherwise perfectly quality media can’t be ruined by it’s message, ethos, or aesthetic needs to sit down and explain why they don’t like the call of duty games, especially if they’re a shooter fan",0,0,0.7900247,0.01862302,-1.1164254
[PS4] | Assassins Creed Syndicate First Playthrough | Positive Vibes | Road To 800 Followers | live at twitch.tv/xklausmikaelso…,2,1,-2.6250515,2.1714406,0.22818218
"FUT’s menu stuff this year is the best it has ever been by far, you can easily make coins and build a fantastic team without spending a peny. Brilliant.

However the gameplay, how scripted it is and AI dominant it is, along with the awful servers EA have make it unbearable.",1,2,-1.2224008,-0.265515,1.29853
Me and bae went paint-balling. I was on my call of duty shit pic.twitter.com/UHXbbuu7T4,1,2,-1.6093323,0.72527236,0.76465243
Ah fuck here we go again.,0,0,1.1613008,-0.074186355,-1.5801852
"In L6 mi remember when the two man dem did a fight over a FIFA match.

To be honest it was more of a personal disrespect than the actual game.

BUT STILL.",1,1,0.28143418,0.73897326,-1.5169184
In Facebook jail for literally nothin... They ain't even tell me what got reported 😂,1,0,1.7270983,0.41152957,-2.3660035
All the new overwatch skins are so ugly RIP,0,0,1.9393866,-0.54925025,-1.8596349
@fpsnoted hello fake csgo pro,1,0,2.191005,-0.79402906,-2.043947
Cyberpunk 2077 Outrage Blows Up! CD Projekt Red Devs Dispute & Call Out Crunch Story Misinformation buff.ly/3nw6Z3P,1,1,-1.2933991,1.7758192,-0.89151907
"@PUBGMOBILE 
 ा  #Cheaters #PUBGMOBILE 
Ban this random playre his killed me and my clan teammate  .... I report pubg mobile in game plese strict action against cheater .... pic.twitter.com/CpYYO6kCBZ",1,0,1.8322477,0.20190501,-2.507938
Wtf does he think he's living in GTA or something,1,0,0.58488625,0.3205652,-1.4306424
"Good morning! It was so hot and gross last night I ended up pulling an all nighter go me!

On the plus, made some good progress on my Vindicator from #Cyberpunk2077 silver linings n all :) pic.twitter.com/1wcndhILCo",2,2,-1.9103582,0.4297953,1.1922867
Congratulations to UC CS:GO A taking it 3-2 over NKU A in the runback last night to win their bracket! Amazing play from all members of the team,1,1,-2.874894,1.5836127,1.0655836
"Ummm Wth....
#ApexLegends pic.twitter.com/eXcHRvG16o",0,1,0.53002626,0.57902217,-1.4272586
"So after the past 9 days of streaming on the bounce, and last nights insanely brilliant session on #BrightPaw, i've decided to take a couple of days off stream until Thursday night where i will be trying out the new Borderlands 3 DLC with @SirCuddlyPants!

Psi Out! 👊❤",2,2,-2.8337026,1.1794468,1.380557
"With Johnson & Johnson baby powder still being available in some markets, we want to alert you of the damages that these talc-based products may cause. Learn more about J&J's lawsuit. bit.ly/3gnsDna https://t.co/PhzQyI0Cqz",0,1,-0.36943218,1.4357109,-1.5083847
@PlayHearthstone when do you guys thinking to remove op AMALGADON from the game? It is so unfair,0,0,2.6881962,-0.7487442,-2.5018625
"While the store now is mess, with PS5 and redesign coming, this is something they could have accounted for or at least left on web version.",1,0,0.5163676,-0.28011495,-0.712132
"°_° *Gets bad flashback in movie theater*

:) *Realize the Witcher was actually good*",1,2,-2.1565528,0.4651169,1.4561292
A San Diego Superior Court judge ordered Johnson & Johnson to pay $343.99 million for hiding the dangers and risks of its surgical mesh product for women. on.nbc7.com/ZLL0BIq,1,1,-0.5202528,1.7921941,-1.6733164
"World Of Warcraft Attacked By Losers Who DEMAND Plot Changes Due To ""Racist Material""
 youtu.be/a0JU1vOsZK0",1,1,-0.17389752,1.6709691,-1.7081099
So #Maria was playing FIFA today.,1,1,-1.9589785,1.1871263,0.1416312
Cant wait,2,2,-2.3176122,-0.6432726,2.423159
"3 years ago this week. 😭

Such a good time for @PUBG and a huge accomplishment for @PLAYERUNKNOWN & his team to put on. 

The observer room was insane, so many cables. 😂 

Life changing.... thank you. ✌️ pic.twitter.com/6RwnQKs2KC",2,2,-2.3735023,0.49390605,1.6411299
Awesome Gamer,1,2,-1.9691405,-0.3152827,2.0742276
MOTHER. OF. GOD.,2,2,-1.2796682,0.36888504,0.5819783
I can't believe that @realDonaldTrump lied.,1,0,0.9812704,0.06925979,-1.6584773
i think that this PS5 behavior shit shining light on the fact that we want it cause its free not cause we cannot get it our selves who does not like free,0,1,-0.8066402,0.24967575,0.21091954
@overwatchleague @PlayOverwatch @CocaCola @CocaColaCo I'm slightly disappointed to find out the coke cups in front of the OW watchpoint panelists are empty... Who wouldn't want a big class of coke to drink while casting?? #overwatch #Overwatchleague,1,0,1.3834684,0.19625902,-2.0234356
Hate the fact Nvidia Filters makes my stream flashy when I’m trying to play warzone...,0,0,1.6993924,-0.7570123,-1.2109545
"Nvidia Gives Positive Forecasts Despite Coronavirus Hit #Nvidia

cdrinfo.com/d7/content/nvi… https://t.co/utMxGW1CIf",1,1,-1.9737742,2.0643692,-0.39352047
This has to be my favourite cinematic in all of World of @Warcraft pic.twitter.com/zlCC1HsQ3l,2,2,-2.1747243,-0.19665626,2.2085211
Know Your History...unless it involves China....because like....we have investors and shit...,1,1,-0.9315338,0.9520399,-0.8279251
Congratulations to @ninamanning78 on publication day. Hope you have a fabulous day and that your book flies 😊📚🎉,1,2,-3.0030537,0.85082656,1.777134
Chris loves me in borderlands one and two.,1,2,-2.3953543,0.24251598,1.7871209
@EAMaddenNFL  this game so trash pic.twitter.com/sCUc6dtHeB,0,0,2.5432558,-0.70749193,-2.3557427
"Congratulations to our client, Diego Scotti, CMO of @Verizon, on being named an @Adweek Brand Genius. pic.twitter.com/kilCPassn6",2,1,-2.631075,1.4080217,0.6263555
"This fat juicy son of a crackhead BITCH! My go to answer is always, your mother!",1,0,0.5733678,0.29024145,-1.2926931
👍 on @YouTube: PUBG MOBILE BEST TIKTOK VIDEOS | FUNNY MOMENTS | ELECTRO ICE ZARD youtube.com/watch?v=V6Erpx…,1,1,-2.6872327,1.9065642,0.5713501
"My favourite 4 games
God of War
Red Dead Redemption 2
Uncharted 1
Rise of the Tomb Raider",2,2,-2.0572886,-0.0231052,1.8495454
"@NyxJacob Thanks for entering Grand Summoners #OnePunchMan #instantwin #sweepstakes 🎉

Watch the video to see if you won a $100 Amazon gift card! ✨Retweet every day for another chance to win!🌟

Play GS Global now for a FREE ★5 One Punch Man Unit!👊 https://t.co/WDX2C4Vy6u",1,1,-2.7183685,2.0400445,0.63074017
"I’m honestly super hyped for this next @Rainbow6Game season, but I’m gonna miss old house",2,2,-1.8961165,-0.5201331,2.238557
@GhostRecon you telling lights are bulletproof on this game? Fix that shit yo,0,0,2.3985426,-0.866443,-2.1442573
"I love PlayStation in general. They always have my type of exclusives, more so than XB, but the PS5 design is not for me at all. I know I’ll get one eventually, but imma hide that thing somehow when I do lol",0,2,-1.4463506,-0.31623235,1.6803486
Love Speculative Fiction? #Win a $100 #Amazon #GiftCard in this #Facebook & #Twitter #Giveaway via @sffbookbonanza: rafflecopter.com/rafl/display/a…,1,1,-2.504447,2.075185,0.17917465
Update: I actually finished Odyssey. I wish the three-ponged questline structure was communicated a bit more clearly but that game is a lot of fun once it hits its stride. twitter.com/iv_javy/status…,2,2,-2.4057431,0.2511302,2.0234854
They had a lawsuit over the opiates and the baby powder scandal why would they trust J&J?,0,0,0.97296166,0.4900433,-1.9317578
I actually really liked Assassin’s Creed 1,2,2,-1.9602351,-0.53870213,2.223626
Yo lowkey I feel like amazon is always charging me random amounts for shit I didnt buy,0,0,2.1383986,-0.38004234,-1.92177
@IngameLeader is a social enterprise that uses esports to help at-risk-youth 'get off the streets' & improve their mental health 🥰 - Throw some love their way by following them!  #esports #csgo #LeagueOfLegends #FollowTheIngameLeader,1,1,-2.5431318,1.546993,0.69756126
"After playing today, I’m gonna just say it...

Worlds Edge is a better map than King’s Canyon 🤷‍♂️

@PlayApex #ApexLegends https://t.co/uMQrfbFLmQ",2,1,-1.0746622,0.4193702,0.24398938
That Johnson & Johnson Leave In Conditioner Works Good Asf. It Really Defined My Baby’s Hair.,2,2,-1.9015852,0.28906757,1.5709568
"Amazing deal for you!

Lenovo Legion Y540 9th Gen Intel Core i5 15.6 inch FHD Gaming Laptop (8GB/512GB SSD/NVIDIA GTX 1650 4GB Graphics/Windows 10/Black/2.3Kg),81SY00CKIN for just Rs. 69990.0 from Amazon

Shop Now!
ekaro.in/enkr2020091846… https://t.co/wG6Qt6d7fs",1,1,-2.3717875,1.3055047,0.99592644
You have no idea how ready I am for this. Give me Twisted Fate! #LegendsOfRuneterra #LeagueOfLegends,1,2,-2.452428,-0.07337917,2.3081496
Watch The New PlayStation 5 Demon’s Souls Trailer myglnews.com/watch-the-new-…,1,1,-2.0942538,2.2749047,-0.5455043
"Words of gratitude - trevorphilipsstanaccount: I love how the GTA V Tumblr fandom in particular has been creating, through talented and beautiful artistic material, fanfics and interesting and deep debates, a complex and rich study of the... tmblr.co/Z3AEPWYrTEVY4e…",1,2,-2.448739,0.8510565,1.3393445
New project out later with everyone's favorite #Hearthstone cult 👀,2,1,-2.9517355,1.4511424,0.9710719
#Azure Microsoft unlocks the full potential of the smart building ecosystem azure.microsoft.com/blog/microsoft…,1,1,-2.8065987,1.2479997,1.1301168
@RockstarGames I legit can’t open or set my fucking camp I’m red dead redemption you need to let gta die! And fix rdr2!!!I IT PISSES ME OFF THE THE GAMES BEEN OUT FOR A YEAR AND YOU HAVNT DONE SHIT!,0,0,2.4988117,-0.9986975,-2.040269
Praise and Shame for Facebook mockpaperscissors.com/2020/06/18/pra…,1,1,-1.025671,2.0131032,-1.3241014
"Facts, bitch can’t even get that ps5 😩😂 for me lol",1,0,0.47592828,-0.21303865,-0.41020048
enough of this DLC Bullshit just give us a new Splinter Cell Video Game 🤦🏾‍♂️🤦🏾‍♂️,0,0,1.4090397,-0.4081072,-1.3885165
Amazon has the coolest shit I never thought I needed so I just purchased these hooks that attach to the passenger seat so that you can hang your purse!!!! I’m so excited,2,2,-2.4352064,-0.23408507,2.57073
@EAMaddenNFL what is up with these player ratings? I think your algorithm is wrong 😂,0,0,2.7496665,-0.7609455,-2.507513
"Ahh man, I have zero friends on
Twitter so I will tag @SecondYellowCrd. A great guy and a great FM player.",1,2,-1.7481904,0.6725711,0.8576858
@Rainbow6Game actived the ranked,1,0,2.517407,-0.8749424,-2.2634633
A bullshit excuse by Apple. The real answer is because they can’t get the 30% cut of Microsoft’s subscription.,2,0,1.8988742,-0.5148944,-1.7171627
This man is so wholesome 😭💖,2,2,-2.1110349,-0.027846154,2.0103648
Mfs getting excited for theatre mode on cold war when black ops 3 and black ops 4 had one and none yall did shit with it 👍,2,2,-0.80669147,0.061482552,0.39013028
@Formula yo Alix or formula I am a big fan and it will mean a lot to be in a vid my fortnite username is FrEsH.Ed1ts pls add me,1,2,-2.0494158,0.5700483,1.4025961
"Best game ever!!
@MrJCorbs @PlayApex pic.twitter.com/EXZbxe6GGK",2,2,-1.9394476,0.044603776,1.7676214
Aiiight 💪,1,2,-2.1584883,0.69998986,1.0524598
@PUBG PLEASE SORT OUT THE GAME CRASHES!,0,0,2.6133356,-0.9521011,-2.214747
"Coronavirus Vaccine Race Gets Desperate: Johnson & Johnson Posts Losses, Cases Spike websfavourites.com/science-and-te…",1,1,-1.4436314,2.155213,-1.1834714
Grand Theft Auto 5 (EU) for a good Price g2a.com/r/quicksellgta,2,1,-1.7704101,0.9777029,0.47506627
Preordered @EAMaddenNFL for @PlayStation can’t wait!,2,2,-2.4773767,-0.48588553,2.77668
That’s kap AF this mf blank out everywhere,1,0,1.2408304,0.105715856,-1.6153729
"Playing world of Warcraft! So much fucking fun. I can’t believe I wasted so much time playing games like cod, fortnite, h1. This right here is a REAL mans game.",2,2,-1.7243543,-0.3961158,2.079898
It's about fricking time!,2,2,-1.4665428,0.10252537,0.6994612
The khanjali is the best tank in GTA online pic.twitter.com/pnixQFSBeV,2,2,-1.6645329,0.25636178,1.0717307
I’m done bro all my stuff got corrupt and I’m downloading game updates now @2KSupport @NBA2K @Ronnie2K,0,0,2.8072631,-1.0231199,-2.3405454
"Man I just left the Verizon store to see if I can get my hands on the pre order of the RAZR V4. The employee let me hold the phone and flip it up and now I’m never washing my hands again, I can’t wait til the 15th of February to get it. 🥺🥺💕",1,2,-2.476552,0.24342325,1.9693921
Annnnnnnd one more beautiful #4K #Clutch #RainbowSixSiege pic.twitter.com/BKQoLyigWC,2,2,-2.6638808,0.917619,1.6273421
World of Warcraft Nonsense w/ Viewers! twitch.tv/kreaterage,1,0,1.0198281,0.4946116,-1.9960619
14.39 Carats TCW 100% Natural Beautiful Amethyst Oval Cabochon Gem by DVG DVG... amazon.com/dp/B07WG5QYS7/… via @amazon,1,1,-2.5484831,1.8224556,0.32431057
"I like the idea behind this and whah it stands for, but don’t see this working",0,1,-0.32192585,0.3071443,-0.46529847
Holy shit,0,1,-0.088171504,0.016818684,-0.3380616
wtf I’m going to have to reinforce my desk to support this,0,2,-1.4387763,0.49009636,0.869473
Verizon has joined a growing advertising boycott of Facebook over the social network’s handling of hate speech and decision to allow several contentious posts from Donald Trump to remain on its platform  ft.com/content/5e9624…,1,1,-0.1753676,1.8048121,-1.9374293
"Had a pretty amazing time streaming tonight, pubg was alot of fun! Thanks to everyone who came and hung out❤❤",2,2,-2.3924997,0.21734804,2.1427138
An easy contest for a chance to win an art book of BF:V. Just fill out the google doc for a chance to win!,1,1,-2.4964771,1.7670407,0.23997457
"the implication that seraphine has witnessed jopping by superm and thus superm are officially part of league of legends lore,,, i cant do this anymore only in 2020 would something as absurd as fucking jopping make it into the carefully constructed lore of a billion dollar game",0,1,0.33578002,0.6446486,-1.6346353
@UPS 2 bad she was not n place wen ups cust reps decided 2oss my $1600 last nov 2019! Wen ur reps won't do something 2 a oid disaster ur. Rand integrity s called n2 question. Trust means a lot. 2 mo ths disability benefit!,1,0,1.6676526,-0.1861787,-2.0709653
"Amazon Best Sellers: Best Sports Collectibles ift.tt/32vpc7x 
            100 Vintage Football Cards in Old Sealed Wax Packs - Perfect for New Collectors
         ift.tt/2Re9Pfb ift.tt/2Q5Pvfw April 05, 2020 at 11:31AM",2,1,-2.3363342,2.2020047,-0.25923362
"Really enjoying the new 50bmg in #ModernWarfare , find it very satisfying hitting little clips like this (im not the best sniper but enjoy it) #CallofDuty

The Build I use is:
Dictator barrel
Tac laser
Tac-Wrap stock
Stippled grip
Sleight of hand https://t.co/xZbblCYUZI",2,2,-2.1095958,0.16492972,1.9405726
"Glad I got my #Cyberpunk2077 strategy guide pre-ordered, I was going to do it last week but it was sold out! So I'm glad it back in stock pic.twitter.com/CrmoICs3w2",2,2,-2.2663364,0.10147436,1.9021028
‘Call of Duty’ Wins First Amendment Victory Over Use of Humvees alphatimenews.com/call-of-duty-w… https://t.co/bmSYMgUEEN,1,1,-2.022758,2.1632373,-0.43266854
I'm getting some Resident Evil vibes from my characters original look. #TomClancysGhostReconWildlands #TomClancysGhostRecon #TomClancy #GhostReconWildlands #GhostRecon #Ubisoft pic.twitter.com/LWLp9XAPej,1,2,-2.4819884,0.8845255,1.350254
fucking dope. might actually pick it up again,2,2,-1.9407156,-0.2869735,2.2326877
All the 14 yo’s shitting on me in fortnite catch me irl I swear I’ll rock yo shit,1,1,-0.9859406,0.63342565,0.024975186
"Too greedy?
#Hearthstone pic.twitter.com/caa4J0ZUKF",0,0,0.7320767,0.31550062,-1.5529953
"Half are political accounts, most of them I haven't interacted with in a few months, three NVidia accounts, two of them I have only even replied to once, and the only person who I know IRL is in the second row. How did this happen pic.twitter.com/nvqUiUYKOJ",1,1,0.29615355,0.8985978,-1.631862
That'd be so sad tho,0,0,1.5776904,-0.14703768,-1.770294
Johnson & Johnson stopped their #COVID19 trial because a participant got an unexplained illness. The @FT tweet needs commas. @JNJNews,1,1,-0.009192416,1.4991345,-1.9498726
"#XSXFridgeSweeps 
😂 Amazing",1,2,-2.3644824,0.7747473,1.4539756
sometimes i feel like such an old grandma playing games.... a few months ago i bought assassin’s creed origins bc it was on sale and like 20 minutes in i was like “hm... this is too violent for me!” and never touched it again SKSJSBSB,0,1,-1.1355066,0.6693656,0.27113146
"Red Dead Redemption 2
@RockstarGames
#RDR2 #RedDeadOnline 
#OutlawsForLife 
#PS4share pic.twitter.com/QHk7zNRwM8",1,1,-1.9405227,1.4678433,0.18519817
A Zip a hop and a step and a BAM YOURE DEAD 🎯🎯🎯 @SGH_RTs @SlimmDizzyXO #ApexLegends #XboxOne #SquadWipeSunday pic.twitter.com/rYGEja12DL,1,1,-1.899524,1.3598456,0.22525154
"Delighted to see FIFA supporting the WHO in the fight against COVID-19. They want to ""Pass the message to kick out Coronavirus"" #HandsElbowFaceDistanceFeel #WashAwayViruses #StaySafe

youtu.be/ZTl-5AjDb48 https://t.co/1Cdy9JindR",2,1,-2.2891498,0.90126115,0.73132807
damn @HomeDepot you really telling me to relapse like common man this shit aint cool :(,0,0,2.269703,-0.27160585,-2.4733427
"Best trailers this decade

1)CS GO
2)Baahubali 2
3) The Dark Knight Rises",2,2,-2.0172324,0.39937487,0.9435456
I actually quite like the design of the ps5. It truly feels like the next generation of a console rather than just being a bulkier box with more power,2,2,-1.8430557,-0.4856659,2.28752
"Old screencaps from Assassin's Creed Odyssey when I found the wonder woman armour for Kassandra, and this nightmare of a horse.. pic.twitter.com/7shmVBGSV9",1,1,-1.2599429,1.1341766,-0.2218001
Man nothing makes me feel dumber than trying to play hearthstone,0,0,0.41843483,-0.057742268,-0.43786848
"New York charges Johnson & Johnson with insurance fraud over opioid claims

pageone.ng/2020/09/17/new…

$JNJ",1,1,-0.6693714,1.8798068,-1.554283
"Update: I did not do this

I played battlefield 4 instead. Which was a mistake.",0,1,-0.7760325,0.3382463,-0.038092103
"BRO I JUST BOOTED UP GTA, WENT TO THE STORE, AND THAT BITCH STILL LOADING",0,1,-0.66142064,0.34472278,-0.048477303
"Funny how this issue is not HUGE during this pandemic. In fact, it only states that T-mobile is affected but I’m a Verizon customer and I can’t even call out... #Tactics",0,0,1.41167,-0.17233461,-1.6962854
"Holy shit, how pissed off do you have to be to be able to toss a fucking fridge like that?!",1,0,1.452517,0.1406527,-1.9858477
This skin didn’t age well... @LocalPolarBear,0,0,1.1536009,0.1575222,-1.8813883
"🤣👉 @KEEMSTAR Ya know, the social media STI?

🤡 is going after the video game blogger @TheQuartering 👈😏

Why?! Who fuckin’ cares. 🤦‍♂️ Just wanted to point out where KEEM is at in life. 🤣 Painfully lame.

#gamers #PS5 #XboxSeriesX",1,1,0.32151756,0.7522598,-1.4736639
We love orbs,2,2,-2.4280276,0.20256074,1.9418478
Not gonna lie. The FIFA 2021 and PS5 combo is sounding really nice right now.,2,2,-1.9715135,-0.38242456,2.3014138
@PlayOverwatch is there like any way to bring back pink mercy and/or atlantic mercy? Id honestly pay good money for those skins. Ik I only started off since september 2019 but they are v beautiful,2,2,-1.491415,-0.16021581,1.5936986
"Finally finished Red Dead Redemption 2 after nearly a year and a half of play. How does something so immersive, with so much detail on such a grand scale even manage to get produced? Its nothing short of both an engineering and artistic miracle",2,2,-1.6712928,-0.5184254,2.0176492
"Excited for #BlackOpsColdWar? 
Up your gameplay with high speed and response that doesn't compromise on image quality and sound.
benq.com/en-us/knowledg…
#COD #gamingmonitor",1,1,-2.5468059,1.3252048,1.0455892
Fuck everyone who has got the RTX 3080 🖕🏻I haven’t even got a good enough pc to put one in @NVIDIAGeForce @nvidia,0,0,1.4895257,-0.67870516,-1.1007417
my dick is microsoft,0,0,0.50206465,-0.06035811,-0.75956196
@TMobile you guys are really slow in Tuba city.  Az.  Makes people go to Verizon.,2,0,2.6639695,-0.9307258,-2.3687332
Failed pubg mobile youtu.be/Qz00Pth41sw via @YouTube,0,0,1.6431894,0.070711315,-2.2721748
"@Rainbow6Game I got removed from the game, because I lost connection and now I cant join the match anymore which will result in me getting a half hour ban pic.twitter.com/Cyevf77veM",0,0,2.4031196,-0.4827666,-2.5040038
@dbongino And real quickly as I have to run to Home Depot and touch everything with my rubber gloves of course. But 7 days ago they predicted in the US up to 2 million deaths do to Covit19. 3 days after that they said 100 to 200 thousand. And a rate of death at less than 2%.,1,1,-0.97833973,0.9038195,-0.46445078
another reason why QT is superior 😌,1,2,-1.9005009,0.46542156,1.142859
Eivor can crush me with her thighs,1,2,-1.3765972,0.5102991,0.6973244
"I can’t wait to play the beta this weekend! Oh wait...

I have an Xbox. 

Never mind.",2,2,-2.3626912,-0.08074811,2.242986
Making crappy @Immortals til treasure 3 day 1 redd.it/itorke #dota2 https://t.co/BF3iRrkfzB,1,1,-0.0035778973,0.4418725,-0.9968935
No fucking thank you 🖕🏻🖕🏻🖕🏻,0,0,2.097344,-0.36720893,-2.2903056
"Plain Janie. Smart Janie. She’s the good sister that never causes any trouble. Meet her in ""Janie's Secrets"" now. #romance #family #thriller #suspense  @Jeanelia1964 available at Amazon --> allauthor.com/amazon/45291/ https://t.co/UfoeYQaMZc",1,1,-2.3167605,1.8223689,0.11599313
Atleast I have Borderlands to cheer me up :(,2,2,-1.7596421,-0.061281625,1.6518656
@PlayApex @GH057ayame figure this.... @Rainbow6Game is the most simple concept... but an amazing game and still thriving after YEARS of success. you know why? they only listen to the comp scene..... figure it out shit bags,0,0,0.93325526,-0.51132977,-0.94138384
"Don't jump me... @CSGO #CSGO

🔗 medal.tv/clips/16016123… https://t.co/8BAmw54jyL",1,1,-1.357662,1.493937,-0.504534
Oh yeah happy Fifa 21 day everyone,2,2,-2.6052976,-0.09405832,2.4242582
Sad I got a point to say anyone say gta 6 look crazy get life stop saying everything that happens in real life comparing to video game that is not even out your sad piece of shit people there lady that got hit by that car just lost her life show respect or could be u,0,0,0.897982,0.22965989,-1.5537944
"Guns, Love, and Tentacles is out now, and here are 5 reasons we're excited to #KeepPlaying @Borderlands newest DLC. bit.ly/39vMyMe https://t.co/bbuM6kbHkw",1,2,-3.1440756,1.1097574,1.8796662
Google Pixel 3A review: a $399 phone with a great camera - tinyurl.com/y97ha6ql https://t.co/jYzUPqFMgY,1,2,-2.7124386,1.1422473,1.3701245
"The real path to ""Valhalla"" is main story without side quests. It's so fuckin relieving ♥️🔥 #AssassinsCreedValhalla #Ubisoft",2,2,-2.1612206,-0.17687008,2.1525598
"Pls guys stop, I'm tired to give you more like of these 🤣🤣🤣",1,1,-0.029692987,0.5224679,-0.657729
"It is ABSOLUTELY RIDICULOUS that prop hunt is not in fortnite anymore. 

The utter DISAPPOINTMENT smh

@JakeStateFarm @FortniteGame @KimKardashian",0,0,2.3315864,-0.41819814,-2.4728847
"Update: Chase emailed me from an anonymous email telling me a close friend showed him my facebook post, that he didn’t know he was doing this, and asked me to take these down. As if another outreach from a random email is not also creepy. No. I’m not taking it down.",1,1,0.08614465,1.2259874,-1.6706342
"Congratulations to our very own @JulienMid and @Value247 for being selected on Team @Yassuo for the upcoming League of Legends Twitch Rivals! 🔥

Will Value secure the three-peat? Will Julien pick up his first championship? Find out next week! 👀

#MUWIN // @TwitchEsports pic.twitter.com/PMbu3fiBOJ",1,1,-2.7606366,1.9282502,0.4111818
Red Dead Redemption 2 [Day 8] Can I shoot Micah? I don't like Micah. twitch.tv/nightmarebearer,0,0,1.4584223,0.380253,-2.243365
Yo the new event on PUBG is weird!,1,0,2.2601085,-0.43335563,-2.2495883
"I’m happy with this change. Games have a beginning, middle and end. 

It’s all about flow. You should have to keep momentum to streak a second time, not depend on streaks to get you more streaks...",2,2,-2.2540195,0.36931732,1.5121747
"Yaaaas! 

I want to see Keanu animated in anime 😆",2,2,-2.4935856,0.38455427,1.8741542
instead of using suitcases for moving to uni and having to find a place to put them in buying boxes from home depot and then recycling them... i think i'm a genius,1,2,-1.4227268,0.58157134,0.6435286
As much as I don’t like the Amazon business model nobody going to tell me to wear an ineffective cloth mask... so @HomeDepot @cvspharmacy @Walmart @SamsClub Target just lost all my business to Amazon... this lunacy is out of control @realDonaldTrump @CensoredCinder @BreitbartNews,2,0,1.7090884,-0.13310272,-1.9146711
Shoutout to my brother @CoconutBrah for probably spending over 1000 hours in Custom games with me by now 😂  #RainbowSixSiege,1,1,-2.1000223,1.0590737,0.8787389
"It's kind of incredible what games I'll be getting THIS YEAR for the Xbox Series X 😅

I'm getting:

Assassin's Creed Valhalla
Watch Dogs Legion
Dirt 5
Fuser
The Falconeer

+thanks to gamepass:

Gears Tactics
Destiny 2 Beyond Light

+Before Xmas:

Cyberpunk
The Medium

💚💚💚💚",2,2,-2.466969,0.3891422,2.0200899
i used to work at home depot and all i can say is that their security can’t touch u or make u give them the merchandise and most of the younger employees don’t care if ur slick enough,0,1,-0.07279373,0.28721794,-0.62169707
*runs around aimlessly on Red Dead Redemption 2 online... completely forgetting she's supposed to be getting animals for the trader role*,1,1,-1.1299776,1.0326551,-0.2651338
"🎉NOW 99¢ 
A notorious Blockade Runner
A mysterious Heiress
An inconvenient Secret...
❤️THE TROUBLE WITH MISBEHAVING ❤️
#Amazon US buff.ly/2onOvp2          
#iTune buff.ly/2GSFjCw
#AmazonDeals #RomanceBooks #Kindlebargain https://t.co/q4phKJUtVv",1,1,-2.07024,2.1495364,-0.46181476
"just lost a game of league of legends bc my pc just restarted without even asking it, kanker windows",1,0,1.8934867,-0.59367573,-1.8245207
"@PlayApex  @Respawn  Hey Respawn,just now played the first quest for this season.....OH Boy You did a great job on the story and the PVE Mode....Cant wait for the next one....Awesome work",2,2,-1.9645001,-0.12436031,1.9248528
We need a third for Ranked right now! #Xbox #ApexLegends #Ranked #Xboxone DM me,1,1,-2.0005903,1.7089579,0.15791732
"Dow off 50 points at midday; P&G, Merck, Exxon, Chevron, Home Depot pace retreat on.mktw.net/2Xaf3Lg",1,1,-1.5944896,1.5935059,-0.41690058
Stop acting like your not educated stop with the bs you know devs don't have dx12 ultimate ffs at least don't lead people on with bs pic.twitter.com/hKMnlLiTzm,1,0,0.9384144,0.054108318,-1.6065913
"Hey @verizon, is there a known outage in 32828?",0,0,2.0500162,-0.52209896,-2.090378
"@Xbox @majornelson I’d love to bring home a new Xbox Series X, but they are all sold out. So the emails are VERY misleading. Just sayin.",2,2,-0.0783798,-0.3601354,0.30298144
"Good luck paying 70 dollars for a broke, buggy and incomplete game that will definitely have microtransactions despite the price. #XboxSeriesX #PlayStation5",1,0,1.3765476,-0.7568937,-1.0966047
@NBA2K THIS IS YOUR GAME. OWN UP TO THIS CRAP!,0,0,2.6318429,-1.0029353,-2.2534506
@Google and @Apple can you explain promoting a slave market in Kuwait through your apps?????? I am disgusted.,0,0,2.6245723,-0.5968869,-2.5907166
Check out my video! #LeagueofLegends | Captured by #Outplayed #2020alienwaregames pic.twitter.com/szd2mKYyty,1,1,-2.2876582,1.9126517,-0.24046831
"If i gotta buy my own Ps5 and Xbox this year, NEVER ASK ME TO TAKE YOU OUT TO EAT OR EAT YOUR PUSSY CAUSE IMA TELL YOU TO DO IT YOUR DAMN SELF 😤🖕🏽",1,1,0.06456234,0.38263097,-0.49945176
Getting strong Netflix vibes and I like it,2,2,-2.3546014,-0.13265279,2.0994084
"shit, time for a recast",0,1,-0.20447345,0.19662455,-0.45945537
"had to go underground to get a double kill 😂
#GhostReconBreakpoint pic.twitter.com/kLrt7khDBg",0,1,-1.2947628,1.0232915,-0.06929899
"#𝐍𝐄𝐖𝐒𝐔𝐏𝐃𝐀𝐓𝐄𝐒 

Global Cues

-World market sentiment looks weak as US indices closed lower.

-Tech #shares dragged the US markets and seen heavy selling.

-#NASDAQ closes 3% lower lower as @Apple , @amazon , @nvidia slides 4%.

#Nifty",0,1,-0.58174604,1.549215,-1.4826248
I will live stream back in a bit my PS4 is acting weird sorry! #ps4 #PlayStore #PS4share #battlefield4 #games #videogames #twitchtv #twitchgamer #twitchgaming,1,1,-0.9208239,0.59345627,0.20406179
"@googlechrome Every time I open Google Keep, it crashes Chrome. Super annoying. Trying to add to my to do list!",0,0,2.5389917,-1.0157008,-2.067198
"Remember Me was one of the finest stealth games i had the opportunity to play, and I think remastering it on the @Xbox X would be a boss move.",2,2,-1.6742545,-0.061236616,1.6620427
Check out my video! #LeagueofLegends | Captured by #Outplayed #2020alienwaregames pic.twitter.com/RiQQQ50YZF,1,1,-2.2512186,1.9425334,-0.30705273
"Man FIFA 19 was my game despite how shit it was, shame I can’t play FIFA 20 so I can wanna rip my brains out again",1,2,-0.4227353,-0.42175144,0.6903647
Had fun in Red dead redemption tonight! Thanks all to who tuned in! clips.twitch.tv/TsundereLightR…,2,2,-2.6840975,0.6061357,2.016174
"This is @xMusti070 and he is trolling people again... 😂😂

#sco #bciw #troll #battlefield5 #bfv #onlyinbattlefield",1,1,-0.85977024,1.1749582,-0.7032528
I'm WHEEZING,1,2,-1.6364212,0.455184,0.8916638
"April 30 until now, for no apparent reason, BL3 just can't connect to SHiFT at all. What's going on here? I've submitted a ticket 2 days ago to Gearbox but still no respond. Please help. @Borderlands @SHiFTstatus @GearboxOfficial",0,0,2.500483,-0.9363263,-2.2975829
Wow..,2,2,-1.6318064,0.00044269674,1.3270324
The next one is Borderlands: The Handsome Collection. You're welcome,2,2,-2.5805798,0.8637939,1.3507744
#Madden20 should make cross play a thing in the next madden! Also gift sending! Streamers would love this and it would help promote the game more with more youtubers being able to send gifts cross platform. @EA_KRAELO @EASPORTS_MUT @EAMaddenNFL,0,2,-1.5181895,0.20872542,1.1170667
"This is my 143rd twitter account, I keep getting suspended. Pelosi ruined my life, I should be able to have a voice. If you dont know me, just google ""SnaggleTooth Salon""

I gave her bush an Afro. I may release the video.

RT & Please Follow, and I'm full of shit & begging again.",1,1,0.36416113,0.8786747,-1.5312737
"funny, did laugh thank you blue fortnite man",2,2,-1.4978627,0.16612712,1.1358417
Still my favourite Assassin's Creed games ❤️ pic.twitter.com/8JApw7WrUl,2,2,-1.9536209,-0.33987185,2.1659029
#amazonpayquizI played this interesting quiz on Amazon - Try your luck for a chance to win exciting rewards amazon.in/game/share/g4G…,1,1,-2.913176,1.8250461,0.64592046
"Let's all agree to completely trash the inevitable facebook, apple, and google commercials that come out and show people high fiving and hugging again once this is over. Priding themselves on keeping us connected.",0,1,-0.7205166,0.5616182,-0.2601946
Our Chinese #overwatch fans will be sad to learn that the matches in China during February and March and being rescheduled. pic.twitter.com/HvaTCPiEOv,1,1,-0.06293968,1.3425214,-1.7972244
"Holy smokes I'm really enjoying my Libram Paladin ONLY deck!

youtu.be/Xjo21NvyWQA

#hearthstone #YouTube #twitch #paladin #blizzard",2,2,-2.5450122,0.45896533,1.9344672
Wendie Renard loses Fifa trophy on a train and appeals for its return dlvr.it/RMNwq2,2,1,-1.0901281,1.8723679,-1.2741205
"Don’t understand why they port this instead of GTAV on switch, it’ll look much better",0,2,-0.30715322,-0.52215594,0.727265
@NBA2K @Ronnie2K HOW YA COMING???????? How i fix this bs ??? pic.twitter.com/j7j4jK5O2e,0,0,2.6851382,-0.9131376,-2.3984027
"Madden NFL 21
[PS4 - 65] metacritic.com/game/playstati…
[XONE - 69] metacritic.com/game/xbox-one/…
[PC] metacritic.com/game/pc/madden…
GameSpot: ""With far more technical issues than normal and large chunks of recycled content, Madden NFL 21 feels more like an update than a brand-new game."" https://t.co/vRrgu2aspc",0,1,-0.86013013,1.4231689,-1.0525876
"Another successful stream last night full of laughs & fun while counting down to @CallofDuty COLD WAR ALPHA!! HUGE thanks to all our new subscribers & everyone for the generous donations!! Back at it again this Sunday, don't miss out!! #CallOfDutyBlackOpsColdWar #BlackOpsColdWar pic.twitter.com/yxNVyvwPNl",1,2,-2.765934,0.72285897,1.8320361
@wizards_magic Seriously wtf were you thinking This is the worst thing you could possibly do to your player base after these last 2 years. Lost all confidence in you guys as a design team. Back to hearthstone. Fucking sad.,2,0,2.4297717,-0.6046996,-2.4589267
Score Streaks are the worst thing to happen in Black Ops Cold War 😫😫,0,0,2.192722,-0.63203984,-1.9955866
"How do I make a girl keysmash?
Shit this isn't google",1,1,-0.6382074,0.4478311,-0.11899886
"I knew Home Depot was so fucking toxic when I’d be told “you’re not doing your job how we want you to” but when a customer wanted to reward my services and tell the managers, they’d be like ok and?",0,0,1.753033,0.014249481,-2.0463114
"World Of Warcraft: Classic Continues To Suffer Botting Issues As Fans Grow Irate happygamer.com/world-of-warcr… 
Games News #Blizzard #MMORPG #PCMAC #WorldOfWarcraft #WorldOfWarcraftClassic #Gaming https://t.co/WQCo9oitj1",1,1,-1.8647612,2.0913906,-0.5417856
Today's the day that early access to Black Ops Cold War beta on PS4 starts. Too bad I don't have a code. Sucks being broke. Have fun whoever is able to play. https://t.co/jXUcYjatSE,1,2,-1.9804313,0.25520813,1.523352
ryan makes me feel like such a baby i love it i love him so much i just wanna feed him a burrito bowl and hold his hand and suck him off while he plays overwatch and go on cute culvers dates w him AAAAHHH im in fucking LOVE,1,2,-2.1889868,0.23221076,1.8171186
A look into progress on the Rivian and Amazon co-developed electric delivery vehicle youtu.be/lKpOE8eulXM it’s kinda wild that Alexa and Tesla are becoming the most important car OSs (instead of android and iOS),2,2,-2.206202,0.766947,1.0812186
@idfckathy thank u for getting me the ps5 💙,2,2,-2.3594835,-0.0068573616,2.332416
India Bans 118 Chinese apps including PUBG #PUBG #PUBGMOBILE pic.twitter.com/4RT8ykyxM3,0,1,-0.015677923,1.1539791,-1.7131271
"This comes as Facebook faces major criticism for its inaction over rampant hate and harassment on the platform.

#facebook #markzugerberg #unilever #honda #verizon #cocacola #levistrauss #globalbrands #facebookads #advertisement #advertising #instagram #instagramads #criticism pic.twitter.com/NX77j7ycB5",1,1,0.34022248,1.1998228,-1.9993244
Very much looking forward to getting new info on the #PS5,2,2,-2.7047796,-0.3198746,2.6020308
"to the guy that keeps tryna hack my battle.net account you can fucking have it all you get is overshit, level 20 wow classic orc and half finished basic set for hearthstone",0,0,1.6881411,-0.7321766,-1.6446007
What the actual heck @fortnite you clearly have enough money but you dick wds just don't learn the mistake. Thanks for ruining my weekend,0,0,2.4976602,-0.83752704,-2.2065504
"If only it was that simple, if you read the comments most customers are complaining about how shady they are with information. Its tacky and disgusting to see especially when nothing fully good has came out. Wait dont mind waiting, just let us know before we get our Hope's up",0,0,0.41024047,0.22481126,-1.13365
I've never been this tierd in my entire life #LeagueOfLegends #struggle pic.twitter.com/PvI9sX4c7W,0,0,0.73816377,-0.013499082,-1.0831329
@XboxP3 delay the Xbox Series X what’s the point now that Halo has been delayed.,0,0,1.9547874,-0.7590863,-1.6112368
When I search for a game and a map comes up that I don’t want to play and I leave it should be black listed from my que. SBMM is dumb and I hate it @CallofDuty,0,0,2.0354524,-0.37783065,-2.111653
ps5 kinda ugly doe😭,0,0,1.9002942,-0.6494216,-1.6170173
the us army is doing mythic key carries fuck me. just straight up dog this is depressing,1,0,1.5145915,0.09568529,-2.085621
Are u crazy gloating as if u r his fan n not a responsible journo. Sorry expected u change but drummer never change. Why don’t u write a book u worshipper,1,1,0.2916634,0.7570506,-1.6588753
#BattlefieldV This is becoming a joke at this point... we havent heard anything since they got back and this is the best they can give us? no actual information on anything. It seems like they havent listened to any feedback to what this community wants.,0,0,2.5632288,-0.7693743,-2.4432414
"""you're still not diamond yet?"" #ApexLegends #XboxShare pic.twitter.com/JK37upYT1Z",1,1,-0.8680461,0.8835056,-0.42382696
"Welp, #ghostreconbreakpoint 's immersive update got delayed until later next month... pic.twitter.com/rqk5e2fE10",0,1,0.5462327,0.62582964,-1.7023442
Omg FOV Slider 😍,1,2,-1.8721999,-0.34019908,2.2597573
I am so exhausted from work this week so probably no borderlands stream today i’m SO SORRY 😭,1,1,-0.18741755,0.0888302,-0.17516984
"Johnson&Johnson paused all it's trials related to covid-19 vaccines because one of it's volunteers developed an unexplained illness,then this! FOH!",1,0,1.1271725,0.3585145,-2.2632327
Dude I hope next Battlefield brings back moments like these that make you rethink reality. I loved those. #onlyinbattlefield.,2,2,-1.7111417,-0.27357325,1.8845919
It’s nice not to have facebook anymore but I can’t say I hate it when my cuz tells me the latest drama. Like how Jeremy Beuss’ skinny white ass tries to spout ‘correct’ gender roles and anti abortion/women’s health while he displays internalized homophobia and toxic masculinity,1,1,-0.29974478,0.59724015,-0.6159393
I played this interesting quiz on Amazon - Try your luck for a chance to win exciting rewards amazon.in/game/share/g4G…,1,1,-2.8193,1.8795209,0.51551646
"It was a battle all game long 🤺

All the best action from #CHIvWAS in our @Verizon match highlights.

#NWSLFallSeries | #VerizonCommunityShield https://t.co/yqZPtkoac0",1,1,-2.6126506,2.0202947,0.2540764
"@G2esports: brings together a european league of legends super team that won the mid season invitational and almost won the world championship
also g2: is 6th on the domestic leaderboard",1,1,-2.2580495,1.4972522,0.48166612
@SpeakerPelosi this is VERY INTERESTING 🧐,1,1,-1.8062112,0.48071834,0.47976807
my dopamine receptors have been fucked by league of legends. i can no longer play a game unless it's competitive and it feels bad,0,0,1.5753653,-0.3371835,-1.6595253
"Adrian Thomas, the vice president of the scandal-ridden medical and pharmaceutical giant Johnson & Johnson , rounded off the group. Thomas is responsible for pandemic care at J&J, including the development of vaccines against Ebola, dengue and HIV. And there was also Martin",1,1,-1.6032548,1.8187399,-0.962934
"Thanks for watching me play #Hearthstone tonight!

Thanks for getting into the giveaway! 

New earlier stream coming for the EU contingency! https://t.co/7vDZ9rIw6Z",2,2,-2.6970906,1.1699758,1.354611
"1. buy CS:GO or TF2 item off SCM

2. enjoy it for 1 week

3. want something else

4. sell that item (lose money cuz valve fees)

5. buy new item

6. repeat until money gone",1,1,-1.3650085,0.8358464,0.33827353
Amazon Hit From All Sides as Crisis Highlights Growing Power thealexanews.com/gadgets/amazon…,0,1,-2.0855408,2.0268774,-0.2370512
"Fortnite is bullying me, aren’t they?
I. NEED. HIM! pic.twitter.com/3q3yxUxkFY",0,0,1.5456601,-0.18767668,-1.6101143
"#RainbowSixSiege where are hereford, plane, chalet and fortress in casual?! I miss the maps!!!",2,2,-0.30384406,-0.29925314,0.40747207
"""Take a chance that love exists and do a loving act""- Red Dead Redemption 2 giving life advice in the middle of a pandemic",1,1,-1.8790821,1.0607698,0.25356406
"Oh dear, I'm pleased I'm over 18 😂
#xbox #cod #CallofDuty #ModernWafare
#CallofDutyModernWarfare pic.twitter.com/MNgNh6jLRo",1,2,-2.3015454,0.3315238,1.6485711
"Red Dead Redemption 2 leaves Xbox Game Pass on September 7.

If you haven't bought it already, highly recommend it! pic.twitter.com/ms65GBzWml",2,2,-2.722262,1.0622517,1.3822279
"Want awesome hosting for #gmod #minecraft #teamfortress2 #rust #csgo etc visit (link: zap-hosting.com/smithtainment) and use coupon code ""Guushi-9103"" at checkout for 10% off #gamehosts #gamehost #hosting #serverhosts #websitehost #gamedev #win #unturned #mchosting #gameserver #hype",1,1,-2.6131487,1.530647,0.7798767
I won 5 achievements in Red Dead Redemption 2 for 117 TrueAchievement pts trueachievements.com/gamer/Yoneko,2,1,-2.722198,1.6512271,1.0357568
"My advice when you suck like me 
#Fortnite
#streamers
#Budget2020
vm.tiktok.com/ZMJfQKRPy/",1,1,0.27898845,0.668972,-1.426423
All these memes of man beggin there girls for Ps5’s are so pathetic 😂,1,0,0.78864515,0.24794802,-1.5016128
holy balls this is unreal,0,2,-0.9359499,0.1328046,0.49008572
Xbox Series S leak reveals $299 price dlvr.it/Rg9PDy,1,1,-2.0930371,1.8663349,-0.12143137
This guy is one of the best content  creators i know . He's different  and unique !!!! Watch out for him.,1,2,-2.3454244,0.75652957,1.1676534
A ban for Battlefield 4 player Gariblak has occurred SEE DETAILS: bf4db.com/player/ban/196…,1,1,-1.4337903,2.2852108,-1.346433
My friend plays korean version pubg and blackpink hylt is bg music omgg I love it pic.twitter.com/5sKOTZyvGa,2,2,-2.6618986,0.6140807,2.010529
Would love one @EASPORTS_MUT,2,2,-1.7195202,-0.17958166,2.020415
I’m gonna say this again @imjustbait is the funniest meme page ever 😌,1,2,-2.0407505,0.68982613,1.1334339
"Is our illiterate community thinks PUBG game is a killer then they must ban all the knives, guns, limit vehicle speed to 20 km/h and all the buildings in the country should be less than 10 ft height because they also cause thousands of deaths per year.
#UNBANPUBG",2,0,1.2916629,0.124282554,-1.9146862
Biggest Gold Grubber yet and best game with Reno Jackson using his new updated zero cost hero power #Hearthstone #Battlegrounds pic.twitter.com/K48Xh5MkMA,2,2,-2.7650304,1.1685921,1.3078564
Zombies. Calling it now. 2020 aint over fucking us,1,1,0.043061398,0.19394046,-0.69939816
"5 years old and it’s in worse condition than Black Ice (Y1S1) was. Can’t get operation “health” again, Ops might develop M.S. and get shackles instead. The only game where the ground or the sky becomes the back of your head Amiright? @Rainbow6Game",0,0,1.6220475,-0.16057338,-2.0363872
@EAMaddenNFL is Madden NFL 21 still charging $60 to stuff ads for MUT down our throats? All I want to do is take #minshewmania to the #SuperBowl,0,2,-0.21240224,-0.124477744,0.027582204
"Really!!!!!! @CallofDuty @InfinityWard #CallofDuty #Warzone #ModernWarfare

store.playstation.com/#!/en-gb/tid=C… https://t.co/qTVaWqj9Gk",2,0,0.6663453,0.13211976,-1.0517735
"GAMING GONE WRONG #11 - Fail Compilation (Red Dead Redemption 2, CS:GO, Black Ops 4 Funny Moments) funnyfails.video/gaming-gone-wr…",1,1,-0.8588568,1.9354999,-1.4710214
Shark 270 #4GLTE Wireless Cellular Revenue #Meter is #Verizon certified and allows you to collect #energy usage and power quality data easily over the air. Get your #demo here: bit.ly/4gltedemo,1,1,-2.010761,1.6737163,-0.08153259
"but.... the new nvidia 3000 series gpus are also looking appealing. a 3070 has better performance than the 2080 for  half the price... that's crazy. I'm struggling between saving up for a 3070 or saving up for a ps5....
8:14 PM · Sep 16, 2020·T",1,2,-1.7200439,0.22862762,1.5891987
Morning Year 4! This week's English has got me all excited. Explore this wonderful story and decide which tasks you want to complete...see where your learning takes you this week. 🐵 Google Classroom updated. @NFollinStMarys pic.twitter.com/JBFUpRjL59,1,2,-3.123161,1.3466498,1.4005125
GTA Online Best Vehicle Discounts (17th September 2020) - GTA 5 Weekly C... youtu.be/-7FxZ2XzbRI,1,1,-2.331243,2.113469,-0.18749622
Red Dead Redemption 2 + Street Fighter V + Cyberpunk 2077 + Resident Evil 3 Remake + Dying Light 2 wn.nr/TXKg9n,1,1,-2.1712198,1.4263287,0.67238605
@EAMaddenNFL you guys had the audacity to ask me about the connection after I got lagged out. 🥴🥴🥴🥴🥴🥴🥴,0,0,2.755777,-0.9845215,-2.4033415
"GTA wouldn’t work in Smash for multiple reasons.

The locations are real world cities. The characters and themes are too adult-oriented. The series is lacking in original music beyond a few main themes.

Red Dead Redemption would work though. More original music and less crass.",0,0,0.8657162,-0.02684132,-1.321535
While this article says — Marcus no longer ran the company— that is Home Depot he still makes the $$$ in stock. So go ahead and boycott!,0,1,0.14682157,0.6636204,-1.2270209
When pro clubs fucks up the kits,0,0,1.8552656,-0.10483904,-2.1089509
Was literally just gushing about how stoked I am to play this in April! That's okay... I'm patient. I'm sure it will be worth the wait ❤,2,2,-2.6087174,-0.058752064,2.3779876
"Sony dropping pre-orders fearing #RTX3000 series card, hoping people buy their 500$ console instead of rtx 3070, lol this has been one hell of a month 😅🤣, if it wasn't for Nvidia, neither MS or Sony would pull the veil off for Prices and pre-orders https://t.co/gZfEX6MZdn",0,2,-1.3093928,0.5444455,0.5576907
"Donald Trump Jr. - China Lied, People Died: Inside China's Death Labs | Facebook facebook.com/DonaldJTrumpJr…",1,1,-1.3276732,2.2943864,-1.281509
The iPhone 12 needs to hurry up cause I need to get it with @Verizon cause @sprint is trash ever since the merger with @TMobile! Like my speed is from the Middle Ages!! #iPhone12,2,0,1.2280414,-0.9584296,-0.6779773
"[Dirty-Gaming] GTA RP !  JJ on Tour, hat eine Villa < 3 twitch.tv/p0werflyyy",1,1,-1.8970449,2.28735,-0.7497033
"#ProtectorCup #Hearthstone

The Protector Cup #1 is over!
Here are your top 3:

🥇@Sergio932HS
🥈@spectro_cs
🥉@cristianhs30

Thanks @caturix_tribe for providing us with these amazing prizes and we will see you soon with the Protector Cup #2!

GGs to everyone that participated! pic.twitter.com/xaPIPRHoFI",1,1,-2.4536614,1.7667286,0.29314607
Big💪 nyoos. Numewous gweat companies awe seeing🕵️ fantastic wesuwts. @FDA must myove quickwy RawR  twitter.com/nytimes/status…,0,2,-2.6031141,1.0868635,1.0985595
All I'm really hoping to get out of 2020 is a few months of @CyberpunkGame before the Armageddon hits us.,2,2,-2.124846,-0.3296726,2.1287704
Tempting 😖,2,1,0.14566149,0.20818868,-0.6385527
"Bashing FIFA for no reason 

You all are proving how insecure you hate lingers are from shehnaaz and her popularity 

Just because FIFA supports shehnaaz and SidNaaz 

OHh Myy Gawwwd

#WeLoveFifaFooz",0,1,0.049474232,0.7541467,-1.2237694
Yassss! My team!! RAVENS!!,2,2,-2.816001,0.52360296,2.0506878
Watching @LuluLuvely vids always hype me up 🔥 LETSA GOO! @PlayApex,1,2,-2.4411364,0.7802287,1.5915699
"Trump reportedly clashes with AT&T, Verizon, and T-Mobile over spam texts so make an AI to filter this as everyone hates spam in every single thing. theverge.com/2020/7/23/2133…",1,1,-0.48413786,1.6195614,-1.4071056
"Very Nice Demon Hunter Blood Elf Statue!! 
Painter, photographer - Helen|N.May Sculptor - Vladislav Kortikov
#Warcraft #worldofwarcraft  #Wowboost #wowboosting  #WoWClassic #beauty #art pic.twitter.com/F8KS8DayNB",1,2,-2.5456233,0.9055276,1.4832363
"Assassin's Creed III
I loved the opening! It makes you want to play the games before it! I will enjoy this more when I beat the other ones 1st! pic.twitter.com/oKwZXbNWXw",2,2,-2.271899,-0.1317208,2.2962081
"Suspicion and Anger Towards Microsoft Rises After Windows 10 Search Failure 
tech.slashdot.org/story/20/02/09… 

Even local file searches on users' own PC's were failing, yet Microsoft blamed a ""third-party networking fiber provider"".",0,1,0.12902096,1.84077,-2.2108705
"followed you , DM and let me at least share on here facebook etc. reggae is magical",1,1,-2.121046,1.2158365,0.81953835
I’ve got #RedTeam winning round 2! Share who you think will take it and you could win an #iPhone12 Pro with 5G! Which team will get the first :dragon:? Tune in to find out. @Verizon #5GJustGotReal #VerizonWRsweeps twitter.com/i/events/13165…,1,1,-2.7229424,2.066042,0.2620325
"Former Arsenal and West Ham player Alex Song has taken his case to FIFA after being sacked by FC Sion.

The 32-year-old was one of nine players to lose his job when the Swiss side proposed reducing the wage bill of the first team as an emergency measure during the coronavirus",1,1,0.03323666,1.5994239,-2.106306
This is so upsetting 😭,0,0,1.6459746,-0.19778286,-1.8452936
@VikramKalabi This is a more reasonable trajectory for PAM4 in NVIDIA’s lineup.,1,2,-1.7319474,0.21384239,1.1905094
😅 I love you guys. 😘,2,2,-2.39754,0.29500073,2.0130196
You mean real life crack epidemic?,1,1,0.19382562,0.49785367,-1.4013821
"The various people in a bad PvP chat 🤣⁠

Visit out website at wowroleplaying.com
Twitch.tv/wowroleplaying

#warcraftmemes #warcraft #worldofwarcraft #alliance #horde #battleforazeroth #azeroth #forthealliance #forthehorde  #warcraftphotography #videogames #twitchtv #mmorpg https://t.co/w3aNoVPLAH",1,1,-1.0530094,1.7437896,-1.0041598
I wanna do this shit,2,2,-1.6835111,-0.18452147,1.5882328
I just earned the [Can't Stop Won't Stop] Achievement! #Warcraft #Rhaona #Tichondrius #Sylvanas,1,1,-2.3776956,1.5864339,0.740168
fuck...,0,0,1.4401929,-0.15742122,-1.6419983
"Woohoooo Next #ApexLegends comic is out !!! These are getting so juicy !!! 

youtu.be/RtEUnyYvjU0 https://t.co/h8humm5KF9",2,2,-2.964912,0.8075215,1.840107
Series X is fucking huge wtf,0,2,-1.0721644,-0.20608778,1.3038144
Why does nobody want to sign for my @FGRFC_Official fifa 20 side I’m livid Messi being a pure uppity cunt,0,0,1.9737902,-0.28981385,-2.2376266
"WTF HAPPENED SJDKDKS #GhostReconWildlands #PS4share

store.playstation.com/#!/en-gb/tid=C… https://t.co/B80CZPXmfL",1,1,-0.6613192,1.5843328,-1.0713854
"The e-commerce giant, along with Google, Apple and Facebook, are being investigated for potential violations of US antitrust law. bit.ly/3hrySXL",0,1,-0.6199882,1.5049812,-1.2827977
Shitting around | Borderlands 3 | Part 5.5 twitch.tv/slayer3000bot,1,1,-2.129832,1.8586557,-0.13383195
"How many of you have bought the season 6 battle pass for Modern war zone? Personally it’s fucking sicko mode 🔥🔥🔥
•
•
•
•
•
#CallofDutyModernWarfare #CallOfDuty #Warzone #XboxSeriesX #PlayStation5 #season6 #battlepass #COVID19 #youtubers #fun #videogames #mw #xbox #viral pic.twitter.com/rZR47HAdWV",1,2,-2.0367813,0.5403996,1.4876596
@EAMaddenNFL adjust @K1 ratings you clowns disrespected him GOING OFF,0,0,2.284577,-0.40197036,-2.370994
"Yuumi - super cool fucking cat
Braum - such a good person
Neeko - damn funny
Janna - she would take good care",2,2,-1.7959844,0.48960367,0.8783814
"John Legere is up to his old tricks again, mocking Verizon on social media tech.dsmenders.com/john-legere-is… https://t.co/PjK8DB02kz",1,1,-1.2625253,1.9666963,-1.2253624
"Borderlands® 3
Firebug (Bronze)
Sabotage all statues for Ember. #PS4share store.playstation.com/#!/en-us/tid=C… https://t.co/oFsFGEemkq",1,1,-1.931227,2.1157832,-0.46558535
Am I the only one experiencing so many bug with @GhostRecon?,0,0,2.4828515,-0.72453827,-2.2617414
@HomeDepot   Your customer service is atrocious. @RIDGIDPower @RIDGIDtoday impact driver not fixed after 3 weeks. Being given the run around on LSA service agreement. Even w documentation in hand.  #HomeDepot #Ridgidtoday,0,0,2.6491632,-0.743918,-2.6981947
Don’t tweet much but here’s what I’ve been up to on the island. Not playing much #overwatch anymore but great fun watching and building the comp lounge. 4v4 though... #ACNH #owl #AnimalCrossing https://t.co/Hnq6uYO8iq,2,2,-2.6561131,0.9798648,1.505811
No i like u motherfucker now kiss me,2,2,-1.5795175,0.54412425,0.75679135
You are not reading this by mistake I can beat you in FIFA,1,1,-1.2143394,0.5842521,0.26296687
By far my best stream without a raid!! We were hovering around 12-15 viewers for about an hour and gained a boat load of follows. Much love!! #WubbleNation #fortnite #savetheworld pic.twitter.com/ONtb94ufAj,1,2,-2.4647577,0.71971273,1.5771099
It’s ridiculous and embarrassing how unplayable @NBA2K is when there’s any form of lag,0,0,2.7259254,-0.8170102,-2.4235027
bruuuhhh wtf is wrong with these gay ass pc players,1,0,2.0556126,-0.37555054,-2.0804017
"OneSearch, Verizon Media’s new search engine, sounds awfully familiar dlvr.it/RNFth4 https://t.co/Imf8rzmzCc",1,1,-1.7985933,1.6773419,-0.0010281302
Fifa 20 is the worst fifa of all time!,0,0,2.3781774,-0.81940967,-2.1220067
Red Dead Redemption 2! Now live on twitch.tv/marcel_kiefer,1,1,-2.864491,1.6881092,0.6151584
FACTS KING TALK THAT SHIT SO MUCH THEY DONT NOTICE,1,1,-0.7035555,0.9054257,-0.4546377
"BTC scammers breach Twitter accounts of Bill Gates, Obama, Google, Apple, Uber dlvr.it/Rbkcdk",1,1,-0.6035253,1.3325247,-1.2692016
"@Ubisoft @Rainbow6Game look at those hacks, let’s get this guy banned, his username is BrownManKiller pic.twitter.com/6D7LKsmvV2",1,0,2.2416642,-0.2878374,-2.4718063
#AmazonPrimeDayQuiz  I played this interesting quiz on Amazon - Try your luck for a chance to win exciting rewards amazon.in/game/share/gS1…,1,1,-2.9576957,1.9046185,0.6245189
"Activision confirms that 2020's Call of Duty title is Black Ops: Cold War: Know your history, or be doomed to repeat it. dlvr.it/Rf3VSg",1,1,-1.7169244,1.7413791,-0.5550728
Stupid little fucking baby children  are just full-grown adults copy-pasted in microsoft Paint and squeegee-ed down disproportionately but with the same lack of dancing skills at public weddings,1,0,0.451533,0.36671323,-1.4507293
This is so cool!,2,2,-1.909492,-0.679732,2.4275644
"#Cyberpunk2077 has been delayed again!
To pass the time, why not grab an exciting #cyberpunk #book ?
#BehindBlueEyes is as if #BladeRunner and #GhostintheShell had a baby.
Dark, gritty, sexy and full of action! 
amazon.com/gp/aw/d/B088GS…
#cyborg #amreading https://t.co/kOgYRly4Xs",1,1,-1.9513164,1.1249694,0.5777286
"Rue it´s so beautiful😍❤️

#Fortnite #FortniteArt #FortniteSeason3 #digitalart #digitaldrawing pic.twitter.com/OrQuuDxMvJ",2,2,-2.040929,0.16917399,1.9065336
bhopping in csgo is so cozy,2,2,-1.7666671,-0.25196847,2.0699189
FUCKING FINALLLLYYYYYYYYY,2,1,-0.7049654,0.4493399,-0.13557456
Why Google sucks: Google white-washes uniformed publics by categorizing bias,0,0,2.06828,0.042419042,-2.45648
"""I'm really sorry for you, son, it's a hell of a thing."" - Arthur Morgan being diagnosed with Tuberculosis on Red Dead Redemption 2.",1,1,-0.19410534,1.1917858,-1.3931553
More beautiful than most girls i know.. #PS5Reveal #PlayStation5 #PS5 pic.twitter.com/6KP3tewy6r,2,2,-2.140705,0.34223258,1.8131113
Across the Fourwinds is the first book of the Maidstone Chronicles #YAfantasy series. The beginning of a wondrous journey. (Amazon Reviewer) @MaidstoneBooks smarturl.it/ll9ggf https://t.co/daktuplybe,1,1,-2.40387,1.6878057,0.32485533
"PTA PUBG ban is unconstitutional in nature because it violates  article 18 of the constitution of the islamic republic of pakistan. The employees involved should be suspended
 #PTALiftBanOnPUBG
#unbanpubginpakistan 
#SavePakistanEsports 
 @PTAofficialpk @ZakaWaqar pic.twitter.com/Pxh87DXB2Z",1,0,1.1129444,0.8422895,-2.512966
HOW DID I MISS THIS I CANT EVEN BLAME SCHOOL ARE YOU KIDDING ME,1,0,1.305884,-0.04708858,-1.7123833
This dangerous 'party drug' has been everywhere — even on Amazon nbcnews.com/feature/nbc-ou… via @nbcnews,1,1,-0.89629376,1.9985092,-1.5097796
"I FINALLY finished Borderlands 3! It's taken a while, but I'm so proud of myself. :D Now onto the Guns, Love, and Tentacles DLC, I'm so excited! I love Wainwright and Hammerlock so much and they make a great couple, so seeing them get married will be awesome!",2,2,-2.6880925,0.0026060157,2.4005108
The Russians from cs:go are starting to invade Osu...,1,1,-0.7955689,1.340622,-0.87427413
We may not be able to stream today you lot we have a problem Xbox is not letting me stream Fifa 21 and it’s so annoying I’ll try and find ways arround it and might still be able to stream but if not I’ll keep you updated on when I’ll be live again 😢,1,1,-0.056625985,0.14418757,-0.37635133
"I started getting back into playing Battlefield Hardline.

It's different than the other games, but very interesting urban warfare and interesting weapons and gadgets.

#BattlefieldHardline",2,2,-2.3246698,0.07127158,2.1110668
Red Dead Redemption pic.twitter.com/qNN6Cnz5YQ,1,2,-1.5674996,0.5546157,0.6581873
Old lady threatened me and said she was going to cancel her Verizon service because I told her we dont work on computers and cant fix it......like bro what🤣🤣,0,0,1.938343,-0.17731324,-2.1803117
Why didn’t anyone think of this acronym for BLM (Batteries Lives Matter) @Microsoft pls fix this problem and give us built in batteries like how @Sony has for their controllers damn!,0,0,2.048812,-0.59814686,-1.8874007
FUCKING FINALLY,2,2,-1.6779944,-0.29309347,1.353115
surprise i still love #borderlands ' jack pic.twitter.com/hAuwN4M4pS,2,2,-2.2635632,-0.22103614,2.1842496
"#Amazon Best Seller!

Screen Cleaner Kit - Best for LED & LCD TV,...

$19.95

amazon.com/Screen-Cleaner… https://t.co/mrUD2zbLfT",2,1,-2.2747638,1.8562236,0.2298639
"Microsoft Apparently Has 16 First-Party Xbox Studios, But That Doesn't Add Up purexbox.com/news/2020/03/m… #Microsoft #Xbox #XboxOne #XboxSeriesX https://t.co/WZHHIwK1GL",1,1,-1.1674898,2.0076194,-1.1009556
this quarantine got me bored af playing call of duty anyone wanna call 🙈,2,0,0.8853896,-0.3746137,-0.7102015
"This is....odd. @Google suggests the most deadly terrorst attacks were committed by the USAAF. But also acknowledge that September 11, 2001 was the most deadly terrorist attack ""in history."" 

Any thoughts on this @searchliaison ? pic.twitter.com/zfJFGLXTMp",1,0,1.2134631,0.78225404,-2.5336921
"How Abhijeet Bhayya ur efforts are incredible and the way you try to satisfy our wishes are very good hope you continue the same with the good health and wealth

Love fron Hyderabad",1,2,-2.3295782,0.710482,1.262664
@Rainbow6Game when will you ban mnk/cronos players on console? The game will die on ps/xbox because of that cheater. 😭,0,0,2.4164274,-0.71061695,-2.2267618
Team 5 what a great media/announcement day. You guys always manage to surprise the Hearthstone community when we think we’ve seen it all. Keep up the phenomenal work. @PlayHearthstone #Hearthstone pic.twitter.com/qsQFw4ZA6v,2,2,-2.306939,0.5144125,1.5268534
@WarcraftDevs this would be incredible!,2,2,-1.6820241,-0.7738111,2.3608806
Removing mcree’s noose because ur pussies enit @PlayOverwatch,0,0,2.3524354,-0.40246668,-2.4476469
wtf,0,0,0.51126814,0.07648811,-0.9374821
I have noticed streamers I watch who are now playing other games other than Battlefield V are more relaxed as well as having a better state of mind.  Has Battlefield V really had such a impact on peoples mental health?  It seems so.  #BattlefieldV,0,2,-1.9558988,0.5133265,1.1505159
"@6th__man playing red dead redemption-

“Oh shit a bear!” *starts running* 

Me- you can’t out run a bear they run like 40mph 

Him- what?
*immediately mauled by bear*",1,1,-1.2989559,1.5238876,-0.35665265
This looks like a poster for a 90s action movie and I love every damn bit of it,2,2,-1.9591604,-0.31689873,2.1359534
"The ultimate pruning machine! @stihlusa GTA 26 has a 4"" bar and chain. Super lightweight making it perfect for landscapers or homeowners looking for a smaller machine vs manually trimming with a… instagram.com/p/B74-nElB3eG/…",1,1,-2.34328,1.3242989,0.8086791
"♥️ Suikoden 2
1️⃣ Alex Kidd in Miracle World
😢 Persona 3
😂 Soul Calibur 2
🤬 League of Legends
⚠ Nier Automata",1,1,-1.2977952,0.89869934,-0.051491503
Thank you to Matching funds Home Depot RW payment #215545 for your generous donation to support clean water through #teamworldvision! teamworldvision.org/index.cfm?fuse…,2,1,-2.5153618,1.7512659,0.68506896
"Tom Clancy's Rainbow Six Siege is a great game to play with no negatives, welp i guess im back on the grind pic.twitter.com/0Wn3AreahG",2,2,-2.0535016,-0.08386776,1.9812956
"Late night stream with the boys! Come watch some warzone runs as we struggle to get a dub! #warzone #callofduty #battleroyale #facebookgaming 

Facebook.com/YetiCasual instagram.com/p/CEYfcX0heDs/…",1,1,-2.025115,1.679954,0.06867161
guess i'll broke.,2,0,0.5758855,0.30726138,-1.3211322
Please explain how this is possible! How can they let companies overcharge for this? It’s a scam! @amazon shame on you! pic.twitter.com/MQB7BUPthx,0,0,2.3180966,-0.5523046,-2.2919762
"Good on Sony. As much as I want to see the new PS5, what's going on right now is so much more important.",2,2,-1.86517,-0.0919745,1.6785048
"⭐️ Toronto is the arts and culture capital of Canada, it’s no wonder! If you want to start planning, be sure to check out our GTA Real Estate market report for Fall 2020, it has all the info you need to finally make a move! blog.remax.ca/toronto-housin… twitter.com/kevinyoufool/s…",1,1,-2.6737928,1.9218243,0.24813597
"tHIS IS ACTUALLY A GOOD MOVE TOT BRING MORE VIEWERS.

I was one of those people who got hooked into csgo by watching tournaments first before playing the game. And seeing these players grew is like a netflix docu series for me. Can't wait for 2021.",1,2,-2.3825865,0.37485364,1.7831777
Today sucked so it’s time to drink wine n play borderlands until the sun comes up so I can hate myself all day tomorrow.,2,2,-0.9097266,0.07234429,0.5250666
Bought a fraction of Microsoft today. Small wins.,2,2,-1.939004,-0.053115804,1.6856252
Johnson & Johnson to stop selling talc baby powder in U.S. and Canada j.mp/3e1YtDV (Reuters) https://t.co/dsaUTgb5p9,1,1,-1.479711,2.0100281,-1.1177131
